Record Length,2.50E+03,,-0.152,0.06,2,,,,,,
Sample Interval,2.00E-04,,-0.1518,0.06,2.2,,,,,,
Trigger Point,7.60E+02,,-0.1516,0.06,2.2,,,,,,
,,,-0.1514,0.04,2.2,,,,,,
,,,-0.1512,0.04,2.2,,,,,,
,,,-0.151,0.04,2.2,,,,,,
Source,CH2,,-0.1508,0.06,2.2,,,,,,
Vertical Units,V,,-0.1506,0.06,2.2,,,48,,,
Vertical Scale,5.00E-01,,-0.1504,0.04,2.2,,,,,,
Vertical Offset,-8.60E-01,,-0.1502,0.04,2.2,,,,,,
Horizontal Units,s,,-0.15,0.06,2.2,,,,,,
Horizontal Scale,5.00E-02,,-0.1498,0.04,2.2,,,,,,
Pt Fmt,Y,,-0.1496,0.04,2.2,,,,,,
Yzero,0.00E+00,,-0.1494,0.04,2.2,,,,,,
Probe Atten,1.00E+00,,-0.1492,0.04,2.2,,,,,,
Model Number,TDS2012B,,-0.149,0.06,2.2,,,,,,
Serial Number,C061486,,-0.1488,0.06,2.2,,,,,,
Firmware Version,FV:v22.11,,-0.1486,0.04,2.2,,,,,,
,,,-0.1484,0.06,2.2,,,,,,
,,,-0.1482,0.06,2.2,,,,,,
,,,-0.148,0.04,2.2,,,,,,
,,,-0.1478,0.06,2.2,,,,,,
,,,-0.1476,0.04,2.2,,,,,,
,,,-0.1474,0.06,2.2,,,,,,
,,,-0.1472,0.06,2.2,,,,,,
,,,-0.147,0.04,2.4,,,,,,
,,,-0.1468,0.04,2.4,,,,,,
,,,-0.1466,0.04,2.4,,,,,,
,,,-0.1464,0.06,2.2,,,,,,
,,,-0.1462,0.04,2.4,,,,,,
,,,-0.146,0.04,2.4,,,,,,
,,,-0.1458,0.06,2.4,,,,,,
,,,-0.1456,0.04,2.2,,,,,,
,,,-0.1454,0.06,2.4,,,,,,
,,,-0.1452,0.06,2.4,,,,,,
,,,-0.145,0.04,2.4,,,,,,
,,,-0.1448,0.04,2.4,,,,,,
,,,-0.1446,0.06,2.4,,,,,,
,,,-0.1444,0.04,2.4,,,,,,
,,,-0.1442,0.04,2.4,,,,,,
,,,-0.144,0.04,2.4,,,,,,
,,,-0.1438,0.06,2.4,,,,,,
,,,-0.1436,0.04,2.4,,,,,,
,,,-0.1434,0.06,2.4,,,,,,
,,,-0.1432,0.06,2.4,,,,,,
,,,-0.143,0.06,2.4,,,,,,
,,,-0.1428,0.04,2.4,,,,,,
,,,-0.1426,0.06,2.4,,,,,,
,,,-0.1424,0.04,2.4,,,,,,
,,,-0.1422,0.04,2.4,,,,,,
,,,-0.142,0.04,2.4,,,,,,
,,,-0.1418,0.06,2.4,,,,,,
,,,-0.1416,0.06,2.4,,,,,,
,,,-0.1414,0.04,2.4,,,,,,
,,,-0.1412,0.06,2.4,,,,,,
,,,-0.141,0.06,2.4,,,,,,
,,,-0.1408,0.06,2.4,,,,,,
,,,-0.1406,0.06,2.4,,,,,,
,,,-0.1404,0.06,2.4,,,,,,
,,,-0.1402,0.06,2.4,,,,,,
,,,-0.14,0.04,2.4,,,,,,
,,,-0.1398,0.04,2.4,,,,,,
,,,-0.1396,0.04,2.4,,,,,,
,,,-0.1394,0.04,2.6,,,,,,
,,,-0.1392,0.04,2.4,,,,,,
,,,-0.139,0.04,2.4,,,,,,
,,,-0.1388,0.04,2.4,,,,,,
,,,-0.1386,0.04,2.4,,,,,,
,,,-0.1384,0.06,2.4,,,,,,
,,,-0.1382,0.04,2.4,,,,,,
,,,-0.138,0.06,2.4,,,,,,
,,,-0.1378,0.04,2.4,,,,,,
,,,-0.1376,0.06,2.4,,,,,,
,,,-0.1374,0.04,2.4,,,,,,
,,,-0.1372,0.06,2.6,,,,,,
,,,-0.137,0.02,2.6,,,,,,
,,,-0.1368,0.02,2.4,,,,,,
,,,-0.1366,0.04,2.6,,,,,,
,,,-0.1364,0.04,2.4,,,,,,
,,,-0.1362,0.04,2.6,,,,,,
,,,-0.136,0.06,2.4,,,,,,
,,,-0.1358,0.06,2.6,,,,,,
,,,-0.1356,0.04,2.6,,,,,,
,,,-0.1354,0.06,2.6,,,,,,
,,,-0.1352,0.06,2.4,,,,,,
,,,-0.135,0.04,2.4,,,,,,
,,,-0.1348,0.06,2.6,,,,,,
,,,-0.1346,0.04,2.4,,,,,,
,,,-0.1344,0.06,2.4,,,,,,
,,,-0.1342,0.04,2.4,,,,,,
,,,-0.134,0.04,2.6,,,,,,
,,,-0.1338,0.04,2.6,,,,,,
,,,-0.1336,0.04,2.6,,,,,,
,,,-0.1334,0.06,2.6,,,,,,
,,,-0.1332,0.06,2.6,,,,,,
,,,-0.133,0.06,2.6,,,,,,
,,,-0.1328,0.04,2.6,,,,,,
,,,-0.1326,0.06,2.6,,,,,,
,,,-0.1324,0.04,2.6,,,,,,
,,,-0.1322,0.06,2.6,,,,,,
,,,-0.132,0.06,2.6,,,,,,
,,,-0.1318,0.04,2.6,,,,,,
,,,-0.1316,0.04,2.6,,,,,,
,,,-0.1314,0.06,2.6,,,,,,
,,,-0.1312,0.06,2.6,,,,,,
,,,-0.131,0.04,2.6,,,,,,
,,,-0.1308,0.04,2.6,,,,,,
,,,-0.1306,0.06,2.6,,,,,,
,,,-0.1304,0.06,2.6,,,,,,
,,,-0.1302,0.04,2.8,,,,,,
,,,-0.13,0.04,2.6,,,,,,
,,,-0.1298,0.06,2.6,,,,,,
,,,-0.1296,0.06,2.6,,,,,,
,,,-0.1294,0.06,2.6,,,,,,
,,,-0.1292,0.04,2.8,,,,,,
,,,-0.129,0.06,2.8,,,,,,
,,,-0.1288,0.06,2.8,,,,,,
,,,-0.1286,0.06,2.6,,,,,,
,,,-0.1284,0.04,2.8,,,,,,
,,,-0.1282,0.06,2.6,,,,,,
,,,-0.128,0.04,2.8,,,,,,
,,,-0.1278,0.04,2.6,,,,,,
,,,-0.1276,0.04,2.8,,,,,,
,,,-0.1274,0.04,2.8,,,,,,
,,,-0.1272,0.04,2.6,,,,,,
,,,-0.127,0.04,2.6,,,,,,
,,,-0.1268,0.04,2.8,,,,,,
,,,-0.1266,0.06,2.8,,,,,,
,,,-0.1264,0.06,2.8,,,,,,
,,,-0.1262,0.04,2.8,,,,,,
,,,-0.126,0.04,2.8,,,,,,
,,,-0.1258,0.06,2.8,,,,,,
,,,-0.1256,0.06,2.8,,,,,,
,,,-0.1254,0.06,2.8,,,,,,
,,,-0.1252,0.06,2.6,,,,,,
,,,-0.125,0.06,2.8,,,,,,
,,,-0.1248,0.04,2.8,,,,,,
,,,-0.1246,0.04,2.8,,,,,,
,,,-0.1244,0.04,2.8,,,,,,
,,,-0.1242,0.06,2.8,,,,,,
,,,-0.124,0.06,2.8,,,,,,
,,,-0.1238,0.06,3,,,,,,
,,,-0.1236,0.04,2.8,,,,,,
,,,-0.1234,0.06,2.8,,,,,,
,,,-0.1232,0.04,2.8,,,,,,
,,,-0.123,0.06,2.8,,,,,,
,,,-0.1228,0.04,2.8,,,,,,
,,,-0.1226,0.06,2.8,,,,,,
,,,-0.1224,0.06,2.8,,,,,,
,,,-0.1222,0.06,2.8,,,,,,
,,,-0.122,0.04,3,,,,,,
,,,-0.1218,0.06,3,,,,,,
,,,-0.1216,0.04,3,,,,,,
,,,-0.1214,0.06,2.8,,,,,,
,,,-0.1212,0.04,2.8,,,,,,
,,,-0.121,0.04,2.8,,,,,,
,,,-0.1208,0.06,3,,,,,,
,,,-0.1206,0.06,3,,,,,,
,,,-0.1204,0.04,2.8,,,,,,
,,,-0.1202,0.06,3,,,,,,
,,,-0.12,0.04,3,,,,,,
,,,-0.1198,0.02,3,,,,,,
,,,-0.1196,0.04,3,,,,,,
,,,-0.1194,0.04,2.8,,,,,,
,,,-0.1192,0.04,3,,,,,,
,,,-0.119,0.06,2.8,,,,,,
,,,-0.1188,0.04,2.8,,,,,,
,,,-0.1186,0.06,3,,,,,,
,,,-0.1184,0.06,3,,,,,,
,,,-0.1182,0.04,3,,,,,,
,,,-0.118,0.04,3,,,,,,
,,,-0.1178,0.04,3,,,,,,
,,,-0.1176,0.04,3,,,,,,
,,,-0.1174,0.04,3,,,,,,
,,,-0.1172,0.06,3,,,,,,
,,,-0.117,0.04,3,,,,,,
,,,-0.1168,0.04,3,,,,,,
,,,-0.1166,0.04,3,,,,,,
,,,-0.1164,0.06,3,,,,,,
,,,-0.1162,0.02,3,,,,,,
,,,-0.116,0.06,3,,,,,,
,,,-0.1158,0.04,3,,,,,,
,,,-0.1156,0.04,3,,,,,,
,,,-0.1154,0.06,3,,,,,,
,,,-0.1152,0.06,3,,,,,,
,,,-0.115,0.06,3,,,,,,
,,,-0.1148,0.02,3,,,,,,
,,,-0.1146,0.06,3,,,,,,
,,,-0.1144,0.04,3,,,,,,
,,,-0.1142,0.04,3,,,,,,
,,,-0.114,0.04,3,,,,,,
,,,-0.1138,0.06,3,,,,,,
,,,-0.1136,0.06,3,,,,,,
,,,-0.1134,0.04,3,,,,,,
,,,-0.1132,0.02,3,,,,,,
,,,-0.113,0.04,3,,,,,,
,,,-0.1128,0.06,3,,,,,,
,,,-0.1126,0.06,3.2,,,,,,
,,,-0.1124,0.06,3,,,,,,
,,,-0.1122,0.04,3.2,,,,,,
,,,-0.112,0.06,3.2,,,,,,
,,,-0.1118,0.06,3,,,,,,
,,,-0.1116,0.06,3.2,,,,,,
,,,-0.1114,0.04,3,,,,,,
,,,-0.1112,0.06,3.2,,,,,,
,,,-0.111,0.06,3.2,,,,,,
,,,-0.1108,0.04,3,,,,,,
,,,-0.1106,0.04,3.2,,,,,,
,,,-0.1104,0.04,3.2,,,,,,
,,,-0.1102,0.06,3.2,,,,,,
,,,-0.11,0.06,3,,,,,,
,,,-0.1098,0.04,3.2,,,,,,
,,,-0.1096,0.04,3.2,,,,,,
,,,-0.1094,0.04,3.2,,,,,,
,,,-0.1092,0.04,3.2,,,,,,
,,,-0.109,0.02,3.2,,,,,,
,,,-0.1088,0.04,3.2,,,,,,
,,,-0.1086,0.04,3.2,,,,,,
,,,-0.1084,0.06,3.2,,,,,,
,,,-0.1082,0.06,3.2,,,,,,
,,,-0.108,0.06,3.2,,,,,,
,,,-0.1078,0.04,3.2,,,,,,
,,,-0.1076,0.02,3.2,,,,,,
,,,-0.1074,0.06,3.2,,,,,,
,,,-0.1072,0.04,3.2,,,,,,
,,,-0.107,0.04,3.2,,,,,,
,,,-0.1068,0.04,3.2,,,,,,
,,,-0.1066,0.04,3.2,,,,,,
,,,-0.1064,0.04,3.4,,,,,,
,,,-0.1062,0.04,3.2,,,,,,
,,,-0.106,0.06,3.2,,,,,,
,,,-0.1058,0.04,3.2,,,,,,
,,,-0.1056,0.04,3.2,,,,,,
,,,-0.1054,0.06,3.2,,,,,,
,,,-0.1052,0.06,3.2,,,,,,
,,,-0.105,0.04,3.2,,,,,,
,,,-0.1048,0.04,3.2,,,,,,
,,,-0.1046,0.06,3.2,,,,,,
,,,-0.1044,0.06,3.2,,,,,,
,,,-0.1042,0.04,3.2,,,,,,
,,,-0.104,0.06,3.4,,,,,,
,,,-0.1038,0.04,3.2,,,,,,
,,,-0.1036,0.06,3.4,,,,,,
,,,-0.1034,0.04,3.4,,,,,,
,,,-0.1032,0.04,3.4,,,,,,
,,,-0.103,0.04,3.4,,,,,,
,,,-0.1028,0.04,3.4,,,,,,
,,,-0.1026,0.04,3.2,,,,,,
,,,-0.1024,0.04,3.4,,,,,,
,,,-0.1022,0.04,3.2,,,,,,
,,,-0.102,0.06,3.2,,,,,,
,,,-0.1018,0.04,3.4,,,,,,
,,,-0.1016,0.06,3.4,,,,,,
,,,-0.1014,0.06,3.4,,,,,,
,,,-0.1012,0.04,3.4,,,,,,
,,,-0.101,0.04,3.4,,,,,,
,,,-0.1008,0.04,3.4,,,,,,
,,,-0.1006,0.06,3.4,,,,,,
,,,-0.1004,0.04,3.4,,,,,,
,,,-0.1002,0.06,3.4,,,,,,
,,,-0.1,0.04,3.4,,,,,,
,,,-0.0998,0.06,3.4,,,,,,
,,,-0.0996,0.04,3.4,,,,,,
,,,-0.0994,0.04,3.4,,,,,,
,,,-0.0992,0.06,3.6,,,,,,
,,,-0.099,0.04,3.4,,,,,,
,,,-0.0988,0.04,3.2,,,,,,
,,,-0.0986,0.04,3.4,,,,,,
,,,-0.0984,0.06,3.4,,,,,,
,,,-0.0982,0.04,3.4,,,,,,
,,,-0.098,0.04,3.6,,,,,,
,,,-0.0978,0.04,3.4,,,,,,
,,,-0.0976,0.04,3.4,,,,,,
,,,-0.0974,0.04,3.4,,,,,,
,,,-0.0972,0.04,3.4,,,,,,
,,,-0.097,0.04,3.6,,,,,,
,,,-0.0968,0.06,3.4,,,,,,
,,,-0.0966,0.04,3.4,,,,,,
,,,-0.0964,0.04,3.6,,,,,,
,,,-0.0962,0.06,3.6,,,,,,
,,,-0.096,0.04,3.4,,,,,,
,,,-0.0958,0.04,3.6,,,,,,
,,,-0.0956,0.04,3.4,,,,,,
,,,-0.0954,0.06,3.6,,,,,,
,,,-0.0952,0.06,3.6,,,,,,
,,,-0.095,0.04,3.6,,,,,,
,,,-0.0948,0.04,3.6,,,,,,
,,,-0.0946,0.06,3.6,,,,,,
,,,-0.0944,0.06,3.6,,,,,,
,,,-0.0942,0.06,3.6,,,,,,
,,,-0.094,0.08,3.6,,,,,,
,,,-0.0938,0.06,3.6,,,,,,
,,,-0.0936,0.06,3.6,,,,,,
,,,-0.0934,0.04,3.6,,,,,,
,,,-0.0932,0.06,3.6,,,,,,
,,,-0.093,0.06,3.6,,,,,,
,,,-0.0928,0.06,3.6,,,,,,
,,,-0.0926,0.04,3.6,,,,,,
,,,-0.0924,0.06,3.6,,,,,,
,,,-0.0922,0.04,3.6,,,,,,
,,,-0.092,0.04,3.6,,,,,,
,,,-0.0918,0.06,3.6,,,,,,
,,,-0.0916,0.04,3.6,,,,,,
,,,-0.0914,0.06,3.6,,,,,,
,,,-0.0912,0.04,3.6,,,,,,
,,,-0.091,0.04,3.6,,,,,,
,,,-0.0908,0.04,3.6,,,,,,
,,,-0.0906,0.04,3.6,,,,,,
,,,-0.0904,0.04,3.6,,,,,,
,,,-0.0902,0.04,3.6,,,,,,
,,,-0.09,0.06,3.6,,,,,,
,,,-0.0898,0.04,3.6,,,,,,
,,,-0.0896,0.06,3.6,,,,,,
,,,-0.0894,0.04,3.6,,,,,,
,,,-0.0892,0.04,3.6,,,,,,
,,,-0.089,0.04,3.6,,,,,,
,,,-0.0888,0.06,3.6,,,,,,
,,,-0.0886,0.04,3.6,,,,,,
,,,-0.0884,0.04,3.6,,,,,,
,,,-0.0882,0.04,3.6,,,,,,
,,,-0.088,0.04,3.6,,,,,,
,,,-0.0878,0.04,3.6,,,,,,
,,,-0.0876,0.06,3.6,,,,,,
,,,-0.0874,0.04,3.8,,,,,,
,,,-0.0872,0.06,3.6,,,,,,
,,,-0.087,0.04,3.6,,,,,,
,,,-0.0868,0.04,3.8,,,,,,
,,,-0.0866,0.06,3.6,,,,,,
,,,-0.0864,0.06,3.8,,,,,,
,,,-0.0862,0.06,3.6,,,,,,
,,,-0.086,0.06,3.8,,,,,,
,,,-0.0858,0.04,3.6,,,,,,
,,,-0.0856,0.06,3.8,,,,,,
,,,-0.0854,0.04,3.8,,,,,,
,,,-0.0852,0.04,3.6,,,,,,
,,,-0.085,0.06,3.8,,,,,,
,,,-0.0848,0.04,3.8,,,,,,
,,,-0.0846,0.06,3.8,,,,,,
,,,-0.0844,0.04,3.8,,,,,,
,,,-0.0842,0.06,3.8,,,,,,
,,,-0.084,0.04,3.8,,,,,,
,,,-0.0838,0.04,3.6,,,,,,
,,,-0.0836,0.04,3.6,,,,,,
,,,-0.0834,0.04,3.8,,,,,,
,,,-0.0832,0.06,3.8,,,,,,
,,,-0.083,0.04,3.8,,,,,,
,,,-0.0828,0.06,3.8,,,,,,
,,,-0.0826,0.06,3.8,,,,,,
,,,-0.0824,0.04,3.8,,,,,,
,,,-0.0822,0.02,3.8,,,,,,
,,,-0.082,0.04,3.8,,,,,,
,,,-0.0818,0.06,3.8,,,,,,
,,,-0.0816,0.04,4,,,,,,
,,,-0.0814,0.06,3.8,,,,,,
,,,-0.0812,0.04,3.8,,,,,,
,,,-0.081,0.06,3.8,,,,,,
,,,-0.0808,0.04,3.8,,,,,,
,,,-0.0806,0.06,3.8,,,,,,
,,,-0.0804,0.04,4,,,,,,
,,,-0.0802,0.06,3.8,,,,,,
,,,-0.08,0.04,3.8,,,,,,
,,,-0.0798,0.06,3.8,,,,,,
,,,-0.0796,0.06,4,,,,,,
,,,-0.0794,0.04,3.8,,,,,,
,,,-0.0792,0.04,3.8,,,,,,
,,,-0.079,0.04,3.8,,,,,,
,,,-0.0788,0.06,3.8,,,,,,
,,,-0.0786,0.06,4,,,,,,
,,,-0.0784,0.04,3.8,,,,,,
,,,-0.0782,0.04,3.8,,,,,,
,,,-0.078,0.06,4,,,,,,
,,,-0.0778,0.04,4,,,,,,
,,,-0.0776,0.04,4,,,,,,
,,,-0.0774,0.06,4,,,,,,
,,,-0.0772,0.06,4,,,,,,
,,,-0.077,0.02,4,,,,,,
,,,-0.0768,0.04,4,,,,,,
,,,-0.0766,0.04,4,,,,,,
,,,-0.0764,0.06,4,,,,,,
,,,-0.0762,0.04,4,,,,,,
,,,-0.076,0.04,4,,,,,,
,,,-0.0758,0.06,4,,,,,,
,,,-0.0756,0.06,4,,,,,,
,,,-0.0754,0.06,4,,,,,,
,,,-0.0752,0.04,4,,,,,,
,,,-0.075,0.06,4,,,,,,
,,,-0.0748,0.06,4,,,,,,
,,,-0.0746,0.06,4,,,,,,
,,,-0.0744,0.04,4,,,,,,
,,,-0.0742,0.06,4,,,,,,
,,,-0.074,0.04,4,,,,,,
,,,-0.0738,0.06,4,,,,,,
,,,-0.0736,0.04,4,,,,,,
,,,-0.0734,0.06,4,,,,,,
,,,-0.0732,0.04,4,,,,,,
,,,-0.073,0.06,4,,,,,,
,,,-0.0728,0.06,4.2,,,,,,
,,,-0.0726,0.06,4,,,,,,
,,,-0.0724,0.04,4,,,,,,
,,,-0.0722,0.06,4.2,,,,,,
,,,-0.072,0.06,4,,,,,,
,,,-0.0718,0.06,4,,,,,,
,,,-0.0716,0.06,4,,,,,,
,,,-0.0714,0.04,4,,,,,,
,,,-0.0712,0.06,4,,,,,,
,,,-0.071,0.04,4,,,,,,
,,,-0.0708,0.06,4,,,,,,
,,,-0.0706,0.04,4,,,,,,
,,,-0.0704,0.04,4.2,,,,,,
,,,-0.0702,0.06,4.2,,,,,,
,,,-0.07,0.04,4,,,,,,
,,,-0.0698,0.06,4.2,,,,,,
,,,-0.0696,0.06,4,,,,,,
,,,-0.0694,0.04,4.2,,,,,,
,,,-0.0692,0.04,4.2,,,,,,
,,,-0.069,0.06,4,,,,,,
,,,-0.0688,0.06,4.2,,,,,,
,,,-0.0686,0.06,4.2,,,,,,
,,,-0.0684,0.04,4.2,,,,,,
,,,-0.0682,0.04,4.2,,,,,,
,,,-0.068,0.04,4.2,,,,,,
,,,-0.0678,0.06,4.2,,,,,,
,,,-0.0676,0.06,4.2,,,,,,
,,,-0.0674,0.04,4.2,,,,,,
,,,-0.0672,0.02,4,,,,,,
,,,-0.067,0.06,4.2,,,,,,
,,,-0.0668,0.04,4.2,,,,,,
,,,-0.0666,0.06,4.2,,,,,,
,,,-0.0664,0.04,4.2,,,,,,
,,,-0.0662,0.06,4.2,,,,,,
,,,-0.066,0.06,4.2,,,,,,
,,,-0.0658,0.04,4.2,,,,,,
,,,-0.0656,0.04,4.2,,,,,,
,,,-0.0654,0.04,4.2,,,,,,
,,,-0.0652,0.04,4.2,,,,,,
,,,-0.065,0.04,4.2,,,,,,
,,,-0.0648,0.06,4.2,,,,,,
,,,-0.0646,0.04,4.2,,,,,,
,,,-0.0644,0.04,4.2,,,,,,
,,,-0.0642,0.06,4.2,,,,,,
,,,-0.064,0.04,4.2,,,,,,
,,,-0.0638,0.04,4.2,,,,,,
,,,-0.0636,0.06,4.2,,,,,,
,,,-0.0634,0.04,4.2,,,,,,
,,,-0.0632,0.04,4.4,,,,,,
,,,-0.063,0.04,4.2,,,,,,
,,,-0.0628,0.04,4.2,,,,,,
,,,-0.0626,0.04,4.4,,,,,,
,,,-0.0624,0.04,4.2,,,,,,
,,,-0.0622,0.06,4.2,,,,,,
,,,-0.062,0.02,4.2,,,,,,
,,,-0.0618,0.06,4.2,,,,,,
,,,-0.0616,0.04,4.2,,,,,,
,,,-0.0614,0.04,4.2,,,,,,
,,,-0.0612,0.06,4.4,,,,,,
,,,-0.061,0.04,4.2,,,,,,
,,,-0.0608,0.04,4.2,,,,,,
,,,-0.0606,0.06,4.2,,,,,,
,,,-0.0604,0.04,4.2,,,,,,
,,,-0.0602,0.04,4.4,,,,,,
,,,-0.06,0.06,4.4,,,,,,
,,,-0.0598,0.06,4.4,,,,,,
,,,-0.0596,0.04,4.4,,,,,,
,,,-0.0594,0.04,4.4,,,,,,
,,,-0.0592,0.04,4.2,,,,,,
,,,-0.059,0.06,4.4,,,,,,
,,,-0.0588,0.06,4.4,,,,,,
,,,-0.0586,0.06,4.4,,,,,,
,,,-0.0584,0.04,4.4,,,,,,
,,,-0.0582,0.02,4.4,,,,,,
,,,-0.058,0.04,4.4,,,,,,
,,,-0.0578,0.06,4.4,,,,,,
,,,-0.0576,0.04,4.4,,,,,,
,,,-0.0574,0.06,4.4,,,,,,
,,,-0.0572,0.04,4.2,,,,,,
,,,-0.057,0.06,4.4,,,,,,
,,,-0.0568,0.04,4.4,,,,,,
,,,-0.0566,0.06,4.4,,,,,,
,,,-0.0564,0.06,4.4,,,,,,
,,,-0.0562,0.06,4.4,,,,,,
,,,-0.056,0.06,4.4,,,,,,
,,,-0.0558,0.02,4.4,,,,,,
,,,-0.0556,0.04,4.4,,,,,,
,,,-0.0554,0.04,4.4,,,,,,
,,,-0.0552,0.04,4.6,,,,,,
,,,-0.055,0.06,4.4,,,,,,
,,,-0.0548,0.04,4.4,,,,,,
,,,-0.0546,0.04,4.4,,,,,,
,,,-0.0544,0.04,4.6,,,,,,
,,,-0.0542,0.06,4.4,,,,,,
,,,-0.054,0.06,4.4,,,,,,
,,,-0.0538,0.04,4.6,,,,,,
,,,-0.0536,0.06,4.4,,,,,,
,,,-0.0534,0.02,4.4,,,,,,
,,,-0.0532,0.06,4.6,,,,,,
,,,-0.053,0.06,4.6,,,,,,
,,,-0.0528,0.04,4.4,,,,,,
,,,-0.0526,0.04,4.6,,,,,,
,,,-0.0524,0.04,4.6,,,,,,
,,,-0.0522,0.04,4.6,,,,,,
,,,-0.052,0.04,4.6,,,,,,
,,,-0.0518,0.04,4.6,,,,,,
,,,-0.0516,0.04,4.6,,,,,,
,,,-0.0514,0.04,4.4,,,,,,
,,,-0.0512,0.04,4.4,,,,,,
,,,-0.051,0.04,4.6,,,,,,
,,,-0.0508,0.04,4.6,,,,,,
,,,-0.0506,0.06,4.6,,,,,,
,,,-0.0504,0.04,4.6,,,,,,
,,,-0.0502,0.06,4.6,,,,,,
,,,-0.05,0.04,4.6,,,,,,
,,,-0.0498,0.04,4.6,,,,,,
,,,-0.0496,0.06,4.6,,,,,,
,,,-0.0494,0.02,4.6,,,,,,
,,,-0.0492,0.06,4.6,,,,,,
,,,-0.049,0.02,4.6,,,,,,
,,,-0.0488,0.04,4.6,,,,,,
,,,-0.0486,0.04,4.6,,,,,,
,,,-0.0484,0.04,4.6,,,,,,
,,,-0.0482,0.06,4.6,,,,,,
,,,-0.048,0.04,4.6,,,,,,
,,,-0.0478,0.04,4.6,,,,,,
,,,-0.0476,0.04,4.6,,,,,,
,,,-0.0474,0.06,4.6,,,,,,
,,,-0.0472,0.04,4.6,,,,,,
,,,-0.047,0.04,4.6,,,,,,
,,,-0.0468,0.04,4.6,,,,,,
,,,-0.0466,0.06,4.6,,,,,,
,,,-0.0464,0.06,4.6,,,,,,
,,,-0.0462,0.04,4.6,,,,,,
,,,-0.046,0.04,4.6,,,,,,
,,,-0.0458,0.04,4.6,,,,,,
,,,-0.0456,0.02,4.6,,,,,,
,,,-0.0454,0.06,4.6,,,,,,
,,,-0.0452,0.02,4.6,,,,,,
,,,-0.045,0.04,4.6,,,,,,
,,,-0.0448,0.06,4.6,,,,,,
,,,-0.0446,0.04,4.6,,,,,,
,,,-0.0444,0.04,4.6,,,,,,
,,,-0.0442,0.04,4.6,,,,,,
,,,-0.044,0.04,4.8,,,,,,
,,,-0.0438,0.04,4.8,,,,,,
,,,-0.0436,0.04,4.6,,,,,,
,,,-0.0434,0.06,4.6,,,,,,
,,,-0.0432,0.06,4.6,,,,,,
,,,-0.043,0.04,4.6,,,,,,
,,,-0.0428,0.06,4.6,,,,,,
,,,-0.0426,0.04,4.8,,,,,,
,,,-0.0424,0.06,4.8,,,,,,
,,,-0.0422,0.06,4.8,,,,,,
,,,-0.042,0.04,4.6,,,,,,
,,,-0.0418,0.06,4.8,,,,,,
,,,-0.0416,0.04,4.8,,,,,,
,,,-0.0414,0.06,4.6,,,,,,
,,,-0.0412,0.06,4.8,,,,,,
,,,-0.041,0.04,4.8,,,,,,
,,,-0.0408,0.06,4.6,,,,,,
,,,-0.0406,0.06,4.8,,,,,,
,,,-0.0404,0.04,4.8,,,,,,
,,,-0.0402,0.04,4.6,,,,,,
,,,-0.04,0.06,4.8,,,,,,
,,,-0.0398,0.04,4.8,,,,,,
,,,-0.0396,0.04,4.8,,,,,,
,,,-0.0394,0.06,4.8,,,,,,
,,,-0.0392,0.04,4.8,,,,,,
,,,-0.039,0.02,4.8,,,,,,
,,,-0.0388,0.06,4.8,,,,,,
,,,-0.0386,0.04,4.8,,,,,,
,,,-0.0384,0.04,4.8,,,,,,
,,,-0.0382,0.04,4.8,,,,,,
,,,-0.038,0.04,4.8,,,,,,
,,,-0.0378,0.04,4.8,,,,,,
,,,-0.0376,0.04,4.8,,,,,,
,,,-0.0374,0.04,4.8,,,,,,
,,,-0.0372,0.04,4.8,,,,,,
,,,-0.037,0.04,4.8,,,,,,
,,,-0.0368,0.04,4.8,,,,,,
,,,-0.0366,0.02,4.8,,,,,,
,,,-0.0364,0.06,4.8,,,,,,
,,,-0.0362,0.06,4.8,,,,,,
,,,-0.036,0.04,4.8,,,,,,
,,,-0.0358,0.04,4.8,,,,,,
,,,-0.0356,0.06,4.8,,,,,,
,,,-0.0354,0.06,4.8,,,,,,
,,,-0.0352,0.04,4.8,,,,,,
,,,-0.035,0.06,4.8,,,,,,
,,,-0.0348,0.04,4.8,,,,,,
,,,-0.0346,0.06,4.8,,,,,,
,,,-0.0344,0.04,4.8,,,,,,
,,,-0.0342,0.06,5,,,,,,
,,,-0.034,0.06,5,,,,,,
,,,-0.0338,0.04,4.8,,,,,,
,,,-0.0336,0.06,5,,,,,,
,,,-0.0334,0.06,4.8,,,,,,
,,,-0.0332,0.06,4.8,,,,,,
,,,-0.033,0.06,4.8,,,,,,
,,,-0.0328,0.06,4.8,,,,,,
,,,-0.0326,0.06,4.8,,,,,,
,,,-0.0324,0.04,4.8,,,,,,
,,,-0.0322,0.04,5,,,,,,
,,,-0.032,0.04,5,,,,,,
,,,-0.0318,0.06,4.8,,,,,,
,,,-0.0316,0.04,4.8,,,,,,
,,,-0.0314,0.04,4.8,,,,,,
,,,-0.0312,0.04,5,,,,,,
,,,-0.031,0.04,5,,,,,,
,,,-0.0308,0.04,5,,,,,,
,,,-0.0306,0.06,5,,,,,,
,,,-0.0304,0.06,4.8,,,,,,
,,,-0.0302,0.04,5,,,,,,
,,,-0.03,0.04,5,,,,,,
,,,-0.0298,0.06,4.8,,,,,,
,,,-0.0296,0.04,5,,,,,,
,,,-0.0294,0.06,5,,,,,,
,,,-0.0292,0.06,4.8,,,,,,
,,,-0.029,0.04,5,,,,,,
,,,-0.0288,0.06,5,,,,,,
,,,-0.0286,0.06,5,,,,,,
,,,-0.0284,0.06,5,,,,,,
,,,-0.0282,0.06,5,,,,,,
,,,-0.028,0.06,5,,,,,,
,,,-0.0278,0.06,5,,,,,,
,,,-0.0276,0.04,5,,,,,,
,,,-0.0274,0.06,5,,,,,,
,,,-0.0272,0.06,5,,,,,,
,,,-0.027,0.06,5,,,,,,
,,,-0.0268,0.06,5,,,,,,
,,,-0.0266,0.06,5.2,,,,,,
,,,-0.0264,0.06,5,,,,,,
,,,-0.0262,0.06,5,,,,,,
,,,-0.026,0.04,5,,,,,,
,,,-0.0258,0.04,5,,,,,,
,,,-0.0256,0.04,5.2,,,,,,
,,,-0.0254,0.06,5,,,,,,
,,,-0.0252,0.06,5,,,,,,
,,,-0.025,0.06,5.2,,,,,,
,,,-0.0248,0.04,5.2,,,,,,
,,,-0.0246,0.04,5.2,,,,,,
,,,-0.0244,0.06,5.2,,,,,,
,,,-0.0242,0.06,5.2,,,,,,
,,,-0.024,0.06,5.2,,,,,,
,,,-0.0238,0.06,5.2,,,,,,
,,,-0.0236,0.06,5.2,,,,,,
,,,-0.0234,0.06,5,,,,,,
,,,-0.0232,0.06,5.2,,,,,,
,,,-0.023,0.04,5.2,,,,,,
,,,-0.0228,0.04,5.2,,,,,,
,,,-0.0226,0.04,5.2,,,,,,
,,,-0.0224,0.04,5.2,,,,,,
,,,-0.0222,0.04,5.2,,,,,,
,,,-0.022,0.04,5.2,,,,,,
,,,-0.0218,0.06,5.2,,,,,,
,,,-0.0216,0.04,5.2,,,,,,
,,,-0.0214,0.04,5.2,,,,,,
,,,-0.0212,0.06,5.2,,,,,,
,,,-0.021,0.06,5.2,,,,,,
,,,-0.0208,0.06,5.2,,,,,,
,,,-0.0206,0.06,5.2,,,,,,
,,,-0.0204,0.06,5.2,,,,,,
,,,-0.0202,0.06,5.2,,,,,,
,,,-0.02,0.06,5.2,,,,,,
,,,-0.0198,0.06,5.2,,,,,,
,,,-0.0196,0.06,5.2,,,,,,
,,,-0.0194,0.06,5.2,,,,,,
,,,-0.0192,0.06,5.2,,,,,,
,,,-0.019,0.06,5.2,,,,,,
,,,-0.0188,0.04,5.2,,,,,,
,,,-0.0186,0.04,5.2,,,,,,
,,,-0.0184,0.06,5.2,,,,,,
,,,-0.0182,0.04,5.2,,,,,,
,,,-0.018,0.06,5.2,,,,,,
,,,-0.0178,0.06,5.2,,,,,,
,,,-0.0176,0.04,5.2,,,,,,
,,,-0.0174,0.04,5.2,,,,,,
,,,-0.0172,0.04,5.2,,,,,,
,,,-0.017,0.04,5.2,,,,,,
,,,-0.0168,0.06,5.4,,,,,,
,,,-0.0166,0.06,5.2,,,,,,
,,,-0.0164,0.04,5.4,,,,,,
,,,-0.0162,0.06,5.2,,,,,,
,,,-0.016,0.04,5.2,,,,,,
,,,-0.0158,0.06,5.2,,,,,,
,,,-0.0156,0.06,5.2,,,,,,
,,,-0.0154,0.06,5.4,,,,,,
,,,-0.0152,0.06,5.2,,,,,,
,,,-0.015,0.06,5.2,,,,,,
,,,-0.0148,0.06,5.4,,,,,,
,,,-0.0146,0.04,5.4,,,,,,
,,,-0.0144,0.04,5.2,,,,,,
,,,-0.0142,0.04,5.4,,,,,,
,,,-0.014,0.06,5.4,,,,,,
,,,-0.0138,0.04,5.2,,,,,,
,,,-0.0136,0.06,5.4,,,,,,
,,,-0.0134,0.06,5.4,,,,,,
,,,-0.0132,0.06,5.4,,,,,,
,,,-0.013,0.06,5.4,,,,,,
,,,-0.0128,0.06,5.4,,,,,,
,,,-0.0126,0.06,5.4,,,,,,
,,,-0.0124,0.04,5.4,,,,,,
,,,-0.0122,0.02,5.4,,,,,,
,,,-0.012,0.06,5.4,,,,,,
,,,-0.0118,0.04,5.4,,,,,,
,,,-0.0116,0.06,5.4,,,,,,
,,,-0.0114,0.06,5.4,,,,,,
,,,-0.0112,0.04,5.4,,,,,,
,,,-0.011,0.04,5.4,,,,,,
,,,-0.0108,0.06,5.4,,,,,,
,,,-0.0106,0.06,5.4,,,,,,
,,,-0.0104,0.06,5.4,,,,,,
,,,-0.0102,0.04,5.4,,,,,,
,,,-0.01,0.04,5.4,,,,,,
,,,-0.0098,0.06,5.4,,,,,,
,,,-0.0096,0.06,5.4,,,,,,
,,,-0.0094,0.06,5.4,,,,,,
,,,-0.0092,0.06,5.4,,,,,,
,,,-0.009,0.04,5.4,,,,,,
,,,-0.0088,0.06,5.6,,,,,,
,,,-0.0086,0.04,5.4,,,,,,
,,,-0.0084,0.06,5.6,,,,,,
,,,-0.0082,0.06,5.4,,,,,,
,,,-0.008,0.02,5.6,,,,,,
,,,-0.0078,0.08,5.4,,,,,,
,,,-0.0076,0.06,5.4,,,,,,
,,,-0.0074,0.06,5.4,,,,,,
,,,-0.0072,0.06,5.4,,,,,,
,,,-0.007,0.06,5.4,,,,,,
,,,-0.0068,0.06,5.4,,,,,,
,,,-0.0066,0.04,5.4,,,,,,
,,,-0.0064,0.04,5.4,,,,,,
,,,-0.0062,0.06,5.4,,,,,,
,,,-0.006,0.06,5.4,,,,,,
,,,-0.0058,0.04,5.6,,,,,,
,,,-0.0056,0.04,5.6,,,,,,
,,,-0.0054,0.06,5.6,,,,,,
,,,-0.0052,0.04,5.4,,,,,,
,,,-0.005,0.06,5.6,,,,,,
,,,-0.0048,0.06,5.6,,,,,,
,,,-0.0046,0.06,5.6,,,,,,
,,,-0.0044,0.06,5.6,,,,,,
,,,-0.0042,0.06,5.6,,,,,,
,,,-0.004,0.06,5.6,,,,,,
,,,-0.0038,0.06,5.6,,,,,,
,,,-0.0036,0.08,5.6,,,,,,
,,,-0.0034,0.06,5.6,,,,,,
,,,-0.0032,0.06,5.6,,,,,,
,,,-0.003,0.06,5.6,,,,,,
,,,-0.0028,0.06,5.6,,,,,,
,,,-0.0026,0.06,5.6,,,,,,
,,,-0.0024,0.04,5.6,,,,,,
,,,-0.0022,0.06,5.6,,,,,,
,,,-0.002,0.06,5.6,,,,,,
,,,-0.0018,0.06,5.6,,,,,,
,,,-0.0016,0.04,5.6,,,,,,
,,,-0.0014,0.06,5.6,,,,,,
,,,-0.0012,0.06,5.6,,,,,,
,,,-0.001,0.06,5.6,,,,,,
,,,-0.0008,0.06,5.6,,,,,,
,,,-0.0006,0.06,5.6,,,,,,
,,,-0.0004,0.06,5.6,,,,,,
,,,-0.0002,0.06,5.8,,,,,,
,,,0,0.06,5.6,,,,,,
,,,0.0002,0.06,5.6,,,,,,
,,,0.0004,0.06,5.6,,,,,,
,,,0.0006,0.06,5.8,,,,,,
,,,0.0008,0.08,5.6,,,,,,
,,,0.001,0.06,5.6,,,,,,
,,,0.0012,0.04,5.8,,,,,,
,,,0.0014,0.06,5.6,,,,,,
,,,0.0016,0.06,5.8,,,,,,
,,,0.0018,0.06,5.6,,,,,,
,,,0.002,0.06,5.6,,,,,,
,,,0.0022,0.06,5.6,,,,,,
,,,0.0024,0.06,5.8,,,,,,
,,,0.0026,0.06,5.8,,,,,,
,,,0.0028,0.04,5.8,,,,,,
,,,0.003,0.06,5.8,,,,,,
,,,0.0032,0.06,5.8,,,,,,
,,,0.0034,0.06,5.8,,,,,,
,,,0.0036,0.08,5.8,,,,,,
,,,0.0038,0.06,5.8,,,,,,
,,,0.004,0.06,5.8,,,,,,
,,,0.0042,0.04,5.8,,,,,,
,,,0.0044,0.06,5.8,,,,,,
,,,0.0046,0.06,5.8,,,,,,
,,,0.0048,0.06,5.8,,,,,,
,,,0.005,0.08,5.8,,,,,,
,,,0.0052,0.06,5.8,,,,,,
,,,0.0054,0.06,5.8,,,,,,
,,,0.0056,0.06,5.8,,,,,,
,,,0.0058,0.06,5.8,,,,,,
,,,0.006,0.06,5.8,,,,,,
,,,0.0062,0.06,5.8,,,,,,
,,,0.0064,0.06,5.8,,,,,,
,,,0.0066,0.08,5.8,,,,,,
,,,0.0068,0.08,5.8,,,,,,
,,,0.007,0.08,5.8,,,,,,
,,,0.0072,0.06,5.8,,,,,,
,,,0.0074,0.06,5.8,,,,,,
,,,0.0076,0.06,5.8,,,,,,
,,,0.0078,0.08,5.8,,,,,,
,,,0.008,0.06,5.8,,,,,,
,,,0.0082,0.06,5.8,,,,,,
,,,0.0084,0.08,5.8,,,,,,
,,,0.0086,0.08,5.8,,,,,,
,,,0.0088,0.06,5.8,,,,,,
,,,0.009,0.08,5.8,,,,,,
,,,0.0092,0.08,5.8,,,,,,
,,,0.0094,0.06,6,,,,,,
,,,0.0096,0.06,5.8,,,,,,
,,,0.0098,0.06,5.8,,,,,,
,,,0.01,0.08,5.8,,,,,,
,,,0.0102,0.08,5.8,,,,,,
,,,0.0104,0.08,5.8,,,,,,
,,,0.0106,0.08,5.8,,,,,,
,,,0.0108,0.08,6,,,,,,
,,,0.011,0.08,6,,,,,,
,,,0.0112,0.08,6,,,,,,
,,,0.0114,0.08,6,,,,,,
,,,0.0116,0.06,5.8,,,,,,
,,,0.0118,0.08,6,,,,,,
,,,0.012,0.08,6,,,,,,
,,,0.0122,0.08,6,,,,,,
,,,0.0124,0.08,5.8,,,,,,
,,,0.0126,0.1,6,,,,,,
,,,0.0128,0.08,6,,,,,,
,,,0.013,0.08,6,,,,,,
,,,0.0132,0.1,6,,,,,,
,,,0.0134,0.1,6,,,,,,
,,,0.0136,0.08,6,,,,,,
,,,0.0138,0.1,6,,,,,,
,,,0.014,0.08,6,,,,,,
,,,0.0142,0.1,6,,,,,,
,,,0.0144,0.12,6,,,,,,
,,,0.0146,0.1,6,,,,,,
,,,0.0148,0.1,6,,,,,,
,,,0.015,0.12,6,,,,,,
,,,0.0152,0.1,6,,,,,,
,,,0.0154,0.1,6,,,,,,
,,,0.0156,0.12,6,,,,,,
,,,0.0158,0.1,6,,,,,,
,,,0.016,0.12,6,,,,,,
,,,0.0162,0.14,6,,,,,,
,,,0.0164,0.12,6,,,,,,
,,,0.0166,0.12,6,,,,,,
,,,0.0168,0.12,6,,,,,,
,,,0.017,0.12,6,,,,,,
,,,0.0172,0.14,6,,,,,,
,,,0.0174,0.14,6,,,,,,
,,,0.0176,0.14,6,,,,,,
,,,0.0178,0.12,6,,,,,,
,,,0.018,0.14,6.2,,,,,,
,,,0.0182,0.14,6,,,,,,
,,,0.0184,0.14,6,,,,,,
,,,0.0186,0.14,6.2,,,,,,
,,,0.0188,0.16,6.2,,,,,,
,,,0.019,0.16,6,,,,,,
,,,0.0192,0.14,6,,,,,,
,,,0.0194,0.18,6,,,,,,
,,,0.0196,0.16,6.2,,,,,,
,,,0.0198,0.16,6.2,,,,,,
,,,0.02,0.18,6.2,,,,,,
,,,0.0202,0.18,6.2,,,,,,
,,,0.0204,0.2,6.2,,,,,,
,,,0.0206,0.2,6.2,,,,,,
,,,0.0208,0.2,6,,,,,,
,,,0.021,0.2,6.2,,,,,,
,,,0.0212,0.2,6.2,,,,,,
,,,0.0214,0.22,6.2,,,,,,
,,,0.0216,0.22,6.2,,,,,,
,,,0.0218,0.22,6.2,,,,,,
,,,0.022,0.24,6.2,,,,,,
,,,0.0222,0.26,6.2,,,,,,
,,,0.0224,0.24,6.2,,,,,,
,,,0.0226,0.26,6.2,,,,,,
,,,0.0228,0.26,6.2,,,,,,
,,,0.023,0.28,6.2,,,,,,
,,,0.0232,0.3,6.2,,,,,,
,,,0.0234,0.28,6.2,,,,,,
,,,0.0236,0.32,6.2,,,,,,
,,,0.0238,0.32,6.2,,,,,,
,,,0.024,0.34,6.4,,,,,,
,,,0.0242,0.34,6.2,,,,,,
,,,0.0244,0.36,6.2,,,,,,
,,,0.0246,0.36,6.2,,,,,,
,,,0.0248,0.4,6.2,,,,,,
,,,0.025,0.4,6.4,,,,,,
,,,0.0252,0.42,6.2,,,,,,
,,,0.0254,0.44,6.2,,,,,,
,,,0.0256,0.44,6.2,,,,,,
,,,0.0258,0.48,6.2,,,,,,
,,,0.026,0.52,6.4,,,,,,
,,,0.0262,0.52,6.2,,,,,,
,,,0.0264,0.54,6.2,,,,,,
,,,0.0266,0.58,6.2,,,,,,
,,,0.0268,0.58,6.4,,,,,,
,,,0.027,0.6,6.4,,,,,,
,,,0.0272,0.64,6.2,,,,,,
,,,0.0274,0.64,6.4,,,,,,
,,,0.0276,0.66,6.4,,,,,,
,,,0.0278,0.7,6.4,,,,,,
,,,0.028,0.72,6.4,,,,,,
,,,0.0282,0.74,6.4,,,,,,
,,,0.0284,0.8,6.4,,,,,,
,,,0.0286,0.8,6.4,,,,,,
,,,0.0288,0.82,6.2,,,,,,
,,,0.029,0.86,6.4,,,,,,
,,,0.0292,0.9,6.4,,,,,,
,,,0.0294,0.92,6.4,,,,,,
,,,0.0296,0.94,6.4,,,,,,
,,,0.0298,0.98,6.4,,,,,,
,,,0.03,1,6.4,,,,,,
,,,0.0302,1.02,6.4,,,,,,
,,,0.0304,1.04,6.4,,,,,,
,,,0.0306,1.1,6.4,,,,,,
,,,0.0308,1.1,6.4,,,,,,
,,,0.031,1.12,6.4,,,,,,
,,,0.0312,1.14,6.4,,,,,,
,,,0.0314,1.2,6.4,,,,,,
,,,0.0316,1.2,6.4,,,,,,
,,,0.0318,1.24,6.4,,,,,,
,,,0.032,1.28,6.4,,,,,,
,,,0.0322,1.3,6.4,,,,,,
,,,0.0324,1.3,6.4,,,,,,
,,,0.0326,1.34,6.4,,,,,,
,,,0.0328,1.36,6.4,,,,,,
,,,0.033,1.4,6.4,,,,,,
,,,0.0332,1.42,6.4,,,,,,
,,,0.0334,1.46,6.4,,,,,,
,,,0.0336,1.48,6.4,,,,,,
,,,0.0338,1.52,6.4,,,,,,
,,,0.034,1.52,6.4,,,,,,
,,,0.0342,1.56,6.4,,,,,,
,,,0.0344,1.56,6.4,,,,,,
,,,0.0346,1.58,6.4,,,,,,
,,,0.0348,1.62,6.6,,,,,,
,,,0.035,1.64,6.6,,,,,,
,,,0.0352,1.66,6.6,,,,,,
,,,0.0354,1.66,6.6,,,,,,
,,,0.0356,1.7,6.6,,,,,,
,,,0.0358,1.68,6.4,,,,,,
,,,0.036,1.7,6.4,,,,,,
,,,0.0362,1.68,6.4,,,,,,1.064516129
,,,0.0364,1.72,6.6,,,,,,
,,,0.0366,1.72,6.6,,,,,,
,,,0.0368,1.74,6.6,,,,,,
,,,0.037,1.74,6.6,,,,,,
,,,0.0372,1.74,6.6,,,,,,
,,,0.0374,1.74,6.6,,,,,,
,,,0.0376,1.74,6.4,,,,,,
,,,0.0378,1.74,6.6,,,,,,
,,,0.038,1.74,6.6,,,,,,
,,,0.0382,1.74,6.4,,,,,,
,,,0.0384,1.76,6.6,,,,,,
,,,0.0386,1.74,6.6,,,,,,
,,,0.0388,1.78,6.6,,,,,,
,,,0.039,1.76,6.6,,,,,,
,,,0.0392,1.76,6.6,,,,,,
,,,0.0394,1.76,6.6,,,,,,
,,,0.0396,1.76,6.6,,,,,,
,,,0.0398,1.76,6.6,,,,,,
,,,0.04,1.78,6.6,,,,,,
,,,0.0402,1.76,6.6,,,,,,
,,,0.0404,1.78,6.6,,,,,,
,,,0.0406,1.76,6.6,,,,,,
,,,0.0408,1.76,6.6,,,,,,
,,,0.041,1.76,6.6,,,,,,
,,,0.0412,1.76,6.6,,,,,,
,,,0.0414,1.76,6.6,,,,,,
,,,0.0416,1.76,6.6,,,,,,
,,,0.0418,1.78,6.6,,,,,,
,,,0.042,1.78,6.6,,,,,,
,,,0.0422,1.8,6.6,,,,,,
,,,0.0424,1.78,6.6,,,,,,
,,,0.0426,1.78,6.6,,,,,,
,,,0.0428,1.78,6.6,,,,,,
,,,0.043,1.76,6.6,,,,,,
,,,0.0432,1.78,6.6,,,,,,
,,,0.0434,1.76,6.6,,,,,,
,,,0.0436,1.78,6.6,,,,,,
,,,0.0438,1.78,6.6,,,,,,
,,,0.044,1.78,6.8,,,,,,
,,,0.0442,1.78,6.6,,,,,,
,,,0.0444,1.78,6.6,,,,,,
,,,0.0446,1.78,6.8,,,,,,
,,,0.0448,1.8,6.8,,,,,,
,,,0.045,1.8,6.6,,,,,,
,,,0.0452,1.8,6.6,,,,,,
,,,0.0454,1.78,6.8,,,,,,
,,,0.0456,1.78,6.6,,,,,,
,,,0.0458,1.8,6.8,,,,,,
,,,0.046,1.78,6.6,,,,,,
,,,0.0462,1.78,6.6,,,,,,
,,,0.0464,1.8,6.8,,,,,,
,,,0.0466,1.76,6.8,,,,,,
,,,0.0468,1.78,6.8,,,,,,
,,,0.047,1.78,6.8,,,,,,
,,,0.0472,1.78,6.6,,,,,,
,,,0.0474,1.78,6.8,,,,,,
,,,0.0476,1.82,6.8,,,,,,
,,,0.0478,1.8,6.8,,,,,,
,,,0.048,1.8,6.8,,,,,,
,,,0.0482,1.78,6.8,,,,,,
,,,0.0484,1.8,6.8,,,,,,
,,,0.0486,1.8,6.8,,,,,,
,,,0.0488,1.8,6.8,,,,,,
,,,0.049,1.78,6.8,,,,,,
,,,0.0492,1.8,6.8,,,,,,
,,,0.0494,1.78,6.8,,,,,,
,,,0.0496,1.78,6.8,,,,,,
,,,0.0498,1.78,6.8,,,,,,
,,,0.05,1.78,6.8,,,,,,
,,,0.0502,1.8,6.8,,,,,,
,,,0.0504,1.82,6.8,,,,,,
,,,0.0506,1.82,6.8,,,,,,
,,,0.0508,1.8,6.8,,,,,,
,,,0.051,1.8,6.8,,,,,,
,,,0.0512,1.8,6.8,,,,,,
,,,0.0514,1.82,6.8,,,,,,
,,,0.0516,1.8,6.8,,,,,,
,,,0.0518,1.82,6.8,,,,,,
,,,0.052,1.82,6.8,,,,,,
,,,0.0522,1.82,6.8,,,,,,
,,,0.0524,1.82,6.8,,,,,,
,,,0.0526,1.8,6.8,,,,,,
,,,0.0528,1.82,6.8,,,,,,
,,,0.053,1.82,6.8,,,,,,
,,,0.0532,1.82,6.8,,,,,,
,,,0.0534,1.82,6.8,,,,,,
,,,0.0536,1.8,6.8,,,,,,
,,,0.0538,1.8,6.8,,,,,,
,,,0.054,1.82,7,,,,,,
,,,0.0542,1.8,7,,,,,,
,,,0.0544,1.84,6.8,,,,,,
,,,0.0546,1.82,7,,,,,,
,,,0.0548,1.82,7,,,,,,
,,,0.055,1.82,6.8,,,,,,
,,,0.0552,1.84,6.8,,,,,,
,,,0.0554,1.82,7,,,,,,
,,,0.0556,1.8,6.8,,,,,,
,,,0.0558,1.82,6.8,,,,,,
,,,0.056,1.82,6.8,,,,,,
,,,0.0562,1.82,7,,,,,,
,,,0.0564,1.82,7,,,,,,
,,,0.0566,1.82,7,,,,,,
,,,0.0568,1.82,7,,,,,,
,,,0.057,1.82,7,,,,,,
,,,0.0572,1.84,7,,,,,,
,,,0.0574,1.82,6.8,,,,,,
,,,0.0576,1.8,6.8,,,,,,
,,,0.0578,1.84,7,,,,,,
,,,0.058,1.82,7,,,,,,
,,,0.0582,1.84,6.8,,,,,,
,,,0.0584,1.82,7,,,,,,
,,,0.0586,1.84,6.8,,,,,,
,,,0.0588,1.84,7,,,,,,
,,,0.059,1.84,6.8,,,,,,
,,,0.0592,1.84,7,,,,,,
,,,0.0594,1.82,6.8,,,,,,
,,,0.0596,1.84,7,,,,,,
,,,0.0598,1.84,7,,,,,,
,,,0.06,1.82,7,,,,,,
,,,0.0602,1.84,7,,,,,,
,,,0.0604,1.82,7,,,,,,
,,,0.0606,1.82,7,,,,,,
,,,0.0608,1.84,7,,,,,,
,,,0.061,1.84,7,,,,,,
,,,0.0612,1.82,7,,,,,,
,,,0.0614,1.84,7,,,,,,
,,,0.0616,1.82,7,,,,,,
,,,0.0618,1.82,7.2,,,,,,
,,,0.062,1.84,7,,,,,,
,,,0.0622,1.84,7.2,,,,,,
,,,0.0624,1.84,7.2,,,,,,
,,,0.0626,1.84,7,,,,,,
,,,0.0628,1.8,7.2,,,,,,
,,,0.063,1.84,7,,,,,,
,,,0.0632,1.84,7.2,,,,,,
,,,0.0634,1.84,7.2,,,,,,
,,,0.0636,1.82,7.2,,,,,,
,,,0.0638,1.84,7,,,,,,
,,,0.064,1.84,7.2,,,,,,
,,,0.0642,1.84,7.2,,,,,,
,,,0.0644,1.84,7.2,,,,,,
,,,0.0646,1.84,7.2,,,,,,
,,,0.0648,1.82,7,,,,,,
,,,0.065,1.84,7.2,,,,,,
,,,0.0652,1.84,7.2,,,,,,
,,,0.0654,1.84,7.2,,,,,,
,,,0.0656,1.84,7.2,,,,,,
,,,0.0658,1.84,7.2,,,,,,
,,,0.066,1.84,7.2,,,,,,
,,,0.0662,1.82,7.2,,,,,,
,,,0.0664,1.84,7.2,,,,,,
,,,0.0666,1.84,7.2,,,,,,
,,,0.0668,1.84,7.2,,,,,,
,,,0.067,1.84,7.2,,,,,,
,,,0.0672,1.84,7.2,,,,,,
,,,0.0674,1.86,7.2,,,,,,
,,,0.0676,1.84,7.2,,,,,,
,,,0.0678,1.84,7.2,,,,,,
,,,0.068,1.86,7.2,,,,,,
,,,0.0682,1.84,7.2,,,,,,
,,,0.0684,1.84,7.4,,,,,,
,,,0.0686,1.84,7.2,,,,,,
,,,0.0688,1.84,7.2,,,,,,
,,,0.069,1.84,7.2,,,,,,
,,,0.0692,1.84,7.2,,,,,,
,,,0.0694,1.86,7.2,,,,,,
,,,0.0696,1.86,7.4,,,,,,
,,,0.0698,1.84,7.2,,,,,,
,,,0.07,1.86,7.4,,,,,,
,,,0.0702,1.86,7.2,,,,,,
,,,0.0704,1.84,7.2,,,,,,
,,,0.0706,1.86,7.2,,,,,,
,,,0.0708,1.84,7.4,,,,,,
,,,0.071,1.84,7.2,,,,,,
,,,0.0712,1.86,7.2,,,,,,
,,,0.0714,1.86,7.4,,,,,,
,,,0.0716,1.84,7.4,,,,,,
,,,0.0718,1.86,7.4,,,,,,
,,,0.072,1.86,7.2,,,,,,
,,,0.0722,1.84,7.2,,,,,,
,,,0.0724,1.86,7.4,,,,,,
,,,0.0726,1.86,7.4,,,,,,
,,,0.0728,1.86,7.2,,,,,,
,,,0.073,1.86,7.4,,,,,,
,,,0.0732,1.86,7.4,,,,,,
,,,0.0734,1.84,7.2,,,,,,
,,,0.0736,1.86,7.4,,,,,,
,,,0.0738,1.86,7.4,,,,,,
,,,0.074,1.84,7.4,,,,,,
,,,0.0742,1.86,7.4,,,,,,
,,,0.0744,1.86,7.4,,,,,,
,,,0.0746,1.84,7.4,,,,,,
,,,0.0748,1.84,7.4,,,,,,
,,,0.075,1.86,7.4,,,,,,
,,,0.0752,1.86,7.4,,,,,,
,,,0.0754,1.86,7.4,,,,,,
,,,0.0756,1.88,7.4,,,,,,
,,,0.0758,1.86,7.4,,,,,,
,,,0.076,1.86,7.4,,,,,,
,,,0.0762,1.86,7.4,,,,,,
,,,0.0764,1.86,7.4,,,,,,
,,,0.0766,1.86,7.4,,,,,,
,,,0.0768,1.86,7.4,,,,,,
,,,0.077,1.86,7.4,,,,,,
,,,0.0772,1.86,7.4,,,,,,
,,,0.0774,1.86,7.4,,,,,,
,,,0.0776,1.86,7.4,,,,,,
,,,0.0778,1.86,7.4,,,,,,
,,,0.078,1.84,7.4,,,,,,
,,,0.0782,1.88,7.4,,,,,,
,,,0.0784,1.86,7.4,,,,,,
,,,0.0786,1.84,7.4,,,,,,
,,,0.0788,1.86,7.4,,,,,,
,,,0.079,1.86,7.6,,,,,,
,,,0.0792,1.84,7.4,,,,,,
,,,0.0794,1.88,7.4,,,,,,
,,,0.0796,1.86,7.4,,,,,,
,,,0.0798,1.86,7.4,,,,,,
,,,0.08,1.86,7.4,,,,,,
,,,0.0802,1.86,7.4,,,,,,
,,,0.0804,1.88,7.6,,,,,,
,,,0.0806,1.86,7.4,,,,,,
,,,0.0808,1.86,7.4,,,,,,
,,,0.081,1.86,7.4,,,,,,
,,,0.0812,1.86,7.6,,,,,,
,,,0.0814,1.88,7.4,,,,,,
,,,0.0816,1.86,7.6,,,,,,
,,,0.0818,1.86,7.6,,,,,,
,,,0.082,1.86,7.4,,,,,,
,,,0.0822,1.88,7.6,,,,,,
,,,0.0824,1.88,7.6,,,,,,
,,,0.0826,1.86,7.4,,,,,,
,,,0.0828,1.88,7.6,,,,,,
,,,0.083,1.86,7.4,,,,,,
,,,0.0832,1.86,7.6,,,,,,
,,,0.0834,1.88,7.4,,,,,,
,,,0.0836,1.86,7.6,,,,,,
,,,0.0838,1.86,7.6,,,,,,
,,,0.084,1.86,7.6,,,,,,
,,,0.0842,1.86,7.6,,,,,,
,,,0.0844,1.86,7.6,,,,,,
,,,0.0846,1.86,7.6,,,,,,
,,,0.0848,1.88,7.6,,,,,,
,,,0.085,1.86,7.6,,,,,,
,,,0.0852,1.86,7.6,,,,,,
,,,0.0854,1.86,7.6,,,,,,
,,,0.0856,1.86,7.6,,,,,,
,,,0.0858,1.86,7.6,,,,,,
,,,0.086,1.88,7.6,,,,,,
,,,0.0862,1.88,7.6,,,,,,
,,,0.0864,1.86,7.6,,,,,,
,,,0.0866,1.86,7.6,,,,,,
,,,0.0868,1.86,7.6,,,,,,
,,,0.087,1.88,7.6,,,,,,
,,,0.0872,1.86,7.6,,,,,,
,,,0.0874,1.88,7.6,,,,,,
,,,0.0876,1.88,7.6,,,,,,
,,,0.0878,1.86,7.6,,,,,,
,,,0.088,1.88,7.6,,,,,,
,,,0.0882,1.88,7.8,,,,,,
,,,0.0884,1.86,7.6,,,,,,
,,,0.0886,1.86,7.8,,,,,,
,,,0.0888,1.88,7.6,,,,,,
,,,0.089,1.86,7.8,,,,,,
,,,0.0892,1.88,7.6,,,,,,
,,,0.0894,1.88,7.8,,,,,,
,,,0.0896,1.86,7.8,,,,,,
,,,0.0898,1.88,7.8,,,,,,
,,,0.09,1.88,7.8,,,,,,
,,,0.0902,1.88,7.8,,,,,,
,,,0.0904,1.88,7.6,,,,,,
,,,0.0906,1.88,7.8,,,,,,
,,,0.0908,1.88,7.8,,,,,,
,,,0.091,1.86,7.8,,,,,,
,,,0.0912,1.86,7.8,,,,,,
,,,0.0914,1.88,7.6,,,,,,
,,,0.0916,1.86,7.6,,,,,,
,,,0.0918,1.86,7.8,,,,,,
,,,0.092,1.88,7.8,,,,,,
,,,0.0922,1.88,7.8,,,,,,
,,,0.0924,1.86,7.6,,,,,,
,,,0.0926,1.9,7.8,,,,,,
,,,0.0928,1.86,7.8,,,,,,
,,,0.093,1.88,7.8,,,,,,
,,,0.0932,1.88,7.8,,,,,,
,,,0.0934,1.88,7.8,,,,,,
,,,0.0936,1.88,7.8,,,,,,
,,,0.0938,1.88,7.8,,,,,,
,,,0.094,1.88,7.8,,,,,,
,,,0.0942,1.88,7.8,,,,,,
,,,0.0944,1.88,7.8,,,,,,
,,,0.0946,1.86,7.8,,,,,,
,,,0.0948,1.88,7.8,,,,,,
,,,0.095,1.86,7.8,,,,,,
,,,0.0952,1.9,7.8,,,,,,
,,,0.0954,1.86,7.8,,,,,,
,,,0.0956,1.88,7.8,,,,,,
,,,0.0958,1.88,7.8,,,,,,
,,,0.096,1.88,7.8,,,,,,
,,,0.0962,1.88,8,,,,,,
,,,0.0964,1.88,8,,,,,,
,,,0.0966,1.88,7.8,,,,,,
,,,0.0968,1.86,7.8,,,,,,
,,,0.097,1.88,7.8,,,,,,
,,,0.0972,1.88,7.8,,,,,,
,,,0.0974,1.9,7.8,,,,,,
,,,0.0976,1.88,7.8,,,,,,
,,,0.0978,1.9,7.8,,,,,,
,,,0.098,1.88,8,,,,,,
,,,0.0982,1.88,8,,,,,,
,,,0.0984,1.9,7.8,,,,,,
,,,0.0986,1.88,7.8,,,,,,
,,,0.0988,1.86,7.8,,,,,,
,,,0.099,1.9,8,,,,,,
,,,0.0992,1.88,8,,,,,,
,,,0.0994,1.9,8,,,,,,
,,,0.0996,1.88,8,,,,,,
,,,0.0998,1.88,8,,,,,,
,,,0.1,1.86,8,,,,,,
,,,0.1002,1.9,8,,,,,,
,,,0.1004,1.88,8,,,,,,
,,,0.1006,1.9,8,,,,,,
,,,0.1008,1.88,8,,,,,,
,,,0.101,1.88,8,,,,,,
,,,0.1012,1.88,8,,,,,,
,,,0.1014,1.88,8,,,,,,
,,,0.1016,1.86,8,,,,,,
,,,0.1018,1.88,8,,,,,,
,,,0.102,1.9,8,,,,,,
,,,0.1022,1.88,8,,,,,,
,,,0.1024,1.88,8,,,,,,
,,,0.1026,1.88,8,,,,,,
,,,0.1028,1.88,8,,,,,,
,,,0.103,1.88,8,,,,,,
,,,0.1032,1.88,8,,,,,,
,,,0.1034,1.88,8,,,,,,
,,,0.1036,1.88,8,,,,,,
,,,0.1038,1.9,8,,,,,,
,,,0.104,1.88,8,,,,,,
,,,0.1042,1.88,8,,,,,,
,,,0.1044,1.88,8,,,,,,
,,,0.1046,1.88,8,,,,,,
,,,0.1048,1.88,8,,,,,,
,,,0.105,1.9,8,,,,,,
,,,0.1052,1.9,8,,,,,,
,,,0.1054,1.9,8,,,,,,
,,,0.1056,1.88,8,,,,,,
,,,0.1058,1.88,8,,,,,,
,,,0.106,1.9,8,,,,,,
,,,0.1062,1.9,8,,,,,,
,,,0.1064,1.88,8,,,,,,
,,,0.1066,1.9,8,,,,,,
,,,0.1068,1.9,8.2,,,,,,
,,,0.107,1.9,8,,,,,,
,,,0.1072,1.88,8,,,,,,
,,,0.1074,1.88,8.2,,,,,,
,,,0.1076,1.9,8,,,,,,
,,,0.1078,1.88,8.2,,,,,,
,,,0.108,1.9,8,,,,,,
,,,0.1082,1.9,8,,,,,,
,,,0.1084,1.9,8.2,,,,,,
,,,0.1086,1.88,8,,,,,,
,,,0.1088,1.9,8,,,,,,
,,,0.109,1.92,8.2,,,,,,
,,,0.1092,1.9,8.2,,,,,,
,,,0.1094,1.9,8.2,,,,,,
,,,0.1096,1.9,8.2,,,,,,
,,,0.1098,1.88,8.2,,,,,,
,,,0.11,1.88,8.2,,,,,,
,,,0.1102,1.88,8,,,,,,
,,,0.1104,1.9,8.2,,,,,,
,,,0.1106,1.88,8.2,,,,,,
,,,0.1108,1.9,8.2,,,,,,
,,,0.111,1.9,8.2,,,,,,
,,,0.1112,1.9,8.2,,,,,,
,,,0.1114,1.9,8,,,,,,
,,,0.1116,1.9,8.2,,,,,,
,,,0.1118,1.9,8.2,,,,,,
,,,0.112,1.9,8.4,,,,,,
,,,0.1122,1.9,8.2,,,,,,
,,,0.1124,1.9,8.2,,,,,,
,,,0.1126,1.9,8.2,,,,,,
,,,0.1128,1.92,8.2,,,,,,
,,,0.113,1.9,8.2,,,,,,
,,,0.1132,1.9,8.4,,,,,,
,,,0.1134,1.92,8.2,,,,,,
,,,0.1136,1.88,8.2,,,,,,
,,,0.1138,1.9,8.2,,,,,,
,,,0.114,1.88,8.2,,,,,,
,,,0.1142,1.9,8.2,,,,,,
,,,0.1144,1.9,8.2,,,,,,
,,,0.1146,1.9,8.2,,,,,,
,,,0.1148,1.9,8.2,,,,,,
,,,0.115,1.9,8.2,,,,,,
,,,0.1152,1.9,8.2,,,,,,
,,,0.1154,1.92,8.2,,,,,,
,,,0.1156,1.88,8.4,,,,,,
,,,0.1158,1.9,8.2,,,,,,
,,,0.116,1.9,8.4,,,,,,
,,,0.1162,1.9,8.4,,,,,,
,,,0.1164,1.9,8.4,,,,,,
,,,0.1166,1.88,8.4,,,,,,
,,,0.1168,1.9,8.4,,,,,,
,,,0.117,1.9,8.4,,,,,,
,,,0.1172,1.9,8.4,,,,,,
,,,0.1174,1.9,8.4,,,,,,
,,,0.1176,1.9,8.4,,,,,,
,,,0.1178,1.9,8.2,,,,,,
,,,0.118,1.88,8.4,,,,,,
,,,0.1182,1.9,8.4,,,,,,
,,,0.1184,1.92,8.4,,,,,,
,,,0.1186,1.92,8.4,,,,,,
,,,0.1188,1.9,8.4,,,,,,
,,,0.119,1.9,8.4,,,,,,
,,,0.1192,1.9,8.4,,,,,,
,,,0.1194,1.9,8.4,,,,,,
,,,0.1196,1.88,8.4,,,,,,
,,,0.1198,1.9,8.4,,,,,,
,,,0.12,1.9,8.4,,,,,,
,,,0.1202,1.9,8.4,,,,,,
,,,0.1204,1.9,8.4,,,,,,
,,,0.1206,1.9,8.4,,,,,,
,,,0.1208,1.9,8.4,,,,,,
,,,0.121,1.92,8.4,,,,,,
,,,0.1212,1.88,8.4,,,,,,
,,,0.1214,1.92,8.4,,,,,,
,,,0.1216,1.9,8.4,,,,,,
,,,0.1218,1.92,8.4,,,,,,
,,,0.122,1.9,8.4,,,,,,
,,,0.1222,1.9,8.4,,,,,,
,,,0.1224,1.9,8.4,,,,,,
,,,0.1226,1.9,8.4,,,,,,
,,,0.1228,1.9,8.4,,,,,,
,,,0.123,1.9,8.4,,,,,,
,,,0.1232,1.92,8.4,,,,,,
,,,0.1234,1.88,8.4,,,,,,
,,,0.1236,1.92,8.4,,,,,,
,,,0.1238,1.9,8.4,,,,,,
,,,0.124,1.92,8.4,,,,,,
,,,0.1242,1.9,8.4,,,,,,
,,,0.1244,1.92,8.4,,,,,,
,,,0.1246,1.92,8.4,,,,,,
,,,0.1248,1.92,8.6,,,,,,
,,,0.125,1.9,8.4,,,,,,
,,,0.1252,1.9,8.6,,,,,,
,,,0.1254,1.88,8.4,,,,,,
,,,0.1256,1.9,8.6,,,,,,
,,,0.1258,1.92,8.6,,,,,,
,,,0.126,1.92,8.4,,,,,,
,,,0.1262,1.92,8.6,,,,,,
,,,0.1264,1.92,8.4,,,,,,
,,,0.1266,1.92,8.4,,,,,,
,,,0.1268,1.9,8.4,,,,,,
,,,0.127,1.92,8.6,,,,,,
,,,0.1272,1.9,8.4,,,,,,
,,,0.1274,1.9,8.6,,,,,,
,,,0.1276,1.92,8.6,,,,,,
,,,0.1278,1.92,8.6,,,,,,
,,,0.128,1.9,8.6,,,,,,
,,,0.1282,1.9,8.6,,,,,,
,,,0.1284,1.9,8.6,,,,,,
,,,0.1286,1.92,8.4,,,,,,
,,,0.1288,1.9,8.6,,,,,,
,,,0.129,1.9,8.6,,,,,,
,,,0.1292,1.92,8.6,,,,,,
,,,0.1294,1.92,8.4,,,,,,
,,,0.1296,1.9,8.6,,,,,,
,,,0.1298,1.92,8.6,,,,,,
,,,0.13,1.92,8.6,,,,,,
,,,0.1302,1.9,8.6,,,,,,
,,,0.1304,1.92,8.6,,,,,,
,,,0.1306,1.9,8.6,,,,,,
,,,0.1308,1.9,8.6,,,,,,
,,,0.131,1.9,8.6,,,,,,
,,,0.1312,1.92,8.6,,,,,,
,,,0.1314,1.9,8.6,,,,,,
,,,0.1316,1.92,8.6,,,,,,
,,,0.1318,1.92,8.6,,,,,,
,,,0.132,1.9,8.6,,,,,,
,,,0.1322,1.9,8.6,,,,,,
,,,0.1324,1.9,8.6,,,,,,
,,,0.1326,1.9,8.6,,,,,,
,,,0.1328,1.92,8.6,,,,,,
,,,0.133,1.94,8.6,,,,,,
,,,0.1332,1.92,8.6,,,,,,
,,,0.1334,1.92,8.6,,,,,,
,,,0.1336,1.9,8.6,,,,,,
,,,0.1338,1.92,8.6,,,,,,
,,,0.134,1.9,8.6,,,,,,
,,,0.1342,1.92,8.8,,,,,,
,,,0.1344,1.9,8.6,,,,,,
,,,0.1346,1.9,8.6,,,,,,
,,,0.1348,1.9,8.8,,,,,,
,,,0.135,1.92,8.6,,,,,,
,,,0.1352,1.92,8.8,,,,,,
,,,0.1354,1.92,8.6,,,,,,
,,,0.1356,1.92,8.8,,,,,,
,,,0.1358,1.9,8.6,,,,,,
,,,0.136,1.9,8.6,,,,,,
,,,0.1362,1.9,8.8,,,,,,
,,,0.1364,1.92,8.8,,,,,,
,,,0.1366,1.92,8.8,,,,,,
,,,0.1368,1.92,8.8,,,,,,
,,,0.137,1.9,8.6,,,,,,
,,,0.1372,1.92,8.8,,,,,,
,,,0.1374,1.94,8.8,,,,,,
,,,0.1376,1.9,8.8,,,,,,
,,,0.1378,1.9,8.6,,,,,,
,,,0.138,1.92,8.8,,,,,,
,,,0.1382,1.92,8.8,,,,,,
,,,0.1384,1.92,8.8,,,,,,
,,,0.1386,1.92,8.8,,,,,,
,,,0.1388,1.92,8.8,,,,,,
,,,0.139,1.92,8.6,,,,,,
,,,0.1392,1.94,8.8,,,,,,
,,,0.1394,1.9,8.8,,,,,,
,,,0.1396,1.92,8.8,,,,,,
,,,0.1398,1.9,8.8,,,,,,
,,,0.14,1.92,8.8,,,,,,
,,,0.1402,1.94,8.8,,,,,,
,,,0.1404,1.92,8.8,,,,,,
,,,0.1406,1.92,8.8,,,,,,
,,,0.1408,1.92,8.8,,,,,,
,,,0.141,1.92,8.8,,,,,,
,,,0.1412,1.92,8.8,,,,,,
,,,0.1414,1.9,8.8,,,,,,
,,,0.1416,1.92,8.8,,,,,,
,,,0.1418,1.92,9,,,,,,
,,,0.142,1.92,8.8,,,,,,
,,,0.1422,1.92,8.8,,,,,,
,,,0.1424,1.92,8.8,,,,,,
,,,0.1426,1.9,8.8,,,,,,
,,,0.1428,1.94,9,,,,,,
,,,0.143,1.92,8.8,,,,,,
,,,0.1432,1.9,8.8,,,,,,
,,,0.1434,1.92,8.8,,,,,,
,,,0.1436,1.94,8.8,,,,,,
,,,0.1438,1.9,9,,,,,,
,,,0.144,1.9,8.8,,,,,,
,,,0.1442,1.9,9,,,,,,
,,,0.1444,1.94,9,,,,,,
,,,0.1446,1.92,8.8,,,,,,
,,,0.1448,1.92,8.8,,,,,,
,,,0.145,1.94,8.8,,,,,,
,,,0.1452,1.9,9,,,,,,
,,,0.1454,1.92,9,,,,,,
,,,0.1456,1.92,9,,,,,,
,,,0.1458,1.9,9,,,,,,
,,,0.146,1.92,9,,,,,,
,,,0.1462,1.94,9,,,,,,
,,,0.1464,1.94,9,,,,,,
,,,0.1466,1.92,9,,,,,,
,,,0.1468,1.9,9,,,,,,
,,,0.147,1.9,9,,,,,,
,,,0.1472,1.92,9,,,,,,
,,,0.1474,1.9,9,,,,,,
,,,0.1476,1.92,9,,,,,,
,,,0.1478,1.92,9,,,,,,
,,,0.148,1.92,9,,,,,,
,,,0.1482,1.92,9,,,,,,
,,,0.1484,1.94,9,,,,,,
,,,0.1486,1.9,9,,,,,,
,,,0.1488,1.92,9,,,,,,
,,,0.149,1.92,9,,,,,,
,,,0.1492,1.92,9,,,,,,
,,,0.1494,1.94,9,,,,,,
,,,0.1496,1.92,9,,,,,,
,,,0.1498,1.92,9,,,,,,
,,,0.15,1.92,9,,,,,,
,,,0.1502,1.94,9,,,,,,
,,,0.1504,1.92,9,,,,,,
,,,0.1506,1.92,9,,,,,,
,,,0.1508,1.92,9,,,,,,
,,,0.151,1.94,9,,,,,,
,,,0.1512,1.92,9,,,,,,
,,,0.1514,1.92,9.2,,,,,,
,,,0.1516,1.92,9,,,,,,
,,,0.1518,1.92,9,,,,,,
,,,0.152,1.94,9,,,,,,
,,,0.1522,1.92,9,,,,,,
,,,0.1524,1.9,9,,,,,,
,,,0.1526,1.92,9,,,,,,
,,,0.1528,1.92,9,,,,,,
,,,0.153,1.9,9,,,,,,
,,,0.1532,1.94,9,,,,,,
,,,0.1534,1.94,9,,,,,,
,,,0.1536,1.92,9.2,,,,,,
,,,0.1538,1.92,9.2,,,,,,
,,,0.154,1.92,9,,,,,,
,,,0.1542,1.92,9.2,,,,,,
,,,0.1544,1.92,9.2,,,,,,
,,,0.1546,1.94,9.2,,,,,,
,,,0.1548,1.9,9.2,,,,,,
,,,0.155,1.92,9,,,,,,
,,,0.1552,1.92,9.2,,,,,,
,,,0.1554,1.92,9.2,,,,,,
,,,0.1556,1.92,9.2,,,,,,
,,,0.1558,1.92,9,,,,,,
,,,0.156,1.92,9.2,,,,,,
,,,0.1562,1.94,9.2,,,,,,
,,,0.1564,1.9,9.2,,,,,,
,,,0.1566,1.92,9,,,,,,
,,,0.1568,1.94,9.2,,,,,,
,,,0.157,1.94,9.2,,,,,,
,,,0.1572,1.92,9.2,,,,,,
,,,0.1574,1.92,9.2,,,,,,
,,,0.1576,1.92,9,,,,,,
,,,0.1578,1.92,9.2,,,,,,
,,,0.158,1.92,9.2,,,,,,
,,,0.1582,1.94,9.2,,,,,,
,,,0.1584,1.92,9.2,,,,,,
,,,0.1586,1.94,9.2,,,,,,
,,,0.1588,1.94,9.2,,,,,,
,,,0.159,1.94,9.2,,,,,,
,,,0.1592,1.92,9.2,,,,,,
,,,0.1594,1.92,9.2,,,,,,
,,,0.1596,1.92,9.2,,,,,,
,,,0.1598,1.92,9.2,,,,,,
,,,0.16,1.94,9.2,,,,,,
,,,0.1602,1.94,9.4,,,,,,
,,,0.1604,1.92,9.2,,,,,,
,,,0.1606,1.9,9.4,,,,,,
,,,0.1608,1.92,9.2,,,,,,
,,,0.161,1.92,9.4,,,,,,
,,,0.1612,1.92,9.2,,,,,,
,,,0.1614,1.92,9.4,,,,,,
,,,0.1616,1.92,9.4,,,,,,
,,,0.1618,1.92,9.4,,,,,,
,,,0.162,1.94,9.4,,,,,,
,,,0.1622,1.92,9.4,,,,,,
,,,0.1624,1.92,9.2,,,,,,
,,,0.1626,1.92,9.4,,,,,,
,,,0.1628,1.92,9.4,,,,,,
,,,0.163,1.92,9.4,,,,,,
,,,0.1632,1.92,9.2,,,,,,
,,,0.1634,1.94,9.2,,,,,,
,,,0.1636,1.9,9.4,,,,,,
,,,0.1638,1.94,9.4,,,,,,
,,,0.164,1.94,9.4,,,,,,
,,,0.1642,1.94,9.4,,,,,,
,,,0.1644,1.92,9.4,,,,,,
,,,0.1646,1.94,9.4,,,,,,
,,,0.1648,1.92,9.4,,,,,,
,,,0.165,1.9,9.4,,,,,,
,,,0.1652,1.94,9.4,,,,,,
,,,0.1654,1.94,9.4,,,,,,
,,,0.1656,1.94,9.4,,,,,,
,,,0.1658,1.92,9.4,,,,,,
,,,0.166,1.94,9.4,,,,,,
,,,0.1662,1.92,9.4,,,,,,
,,,0.1664,1.94,9.4,,,,,,
,,,0.1666,1.92,9.4,,,,,,
,,,0.1668,1.92,9.6,,,,,,
,,,0.167,1.92,9.4,,,,,,
,,,0.1672,1.94,9.4,,,,,,
,,,0.1674,1.92,9.6,,,,,,
,,,0.1676,1.92,9.4,,,,,,
,,,0.1678,1.92,9.4,,,,,,
,,,0.168,1.92,9.4,,,,,,
,,,0.1682,1.94,9.4,,,,,,
,,,0.1684,1.92,9.4,,,,,,
,,,0.1686,1.94,9.4,,,,,,
,,,0.1688,1.94,9.4,,,,,,
,,,0.169,1.94,9.4,,,,,,
,,,0.1692,1.94,9.4,,,,,,
,,,0.1694,1.92,9.6,,,,,,
,,,0.1696,1.92,9.4,,,,,,
,,,0.1698,1.92,9.4,,,,,,
,,,0.17,1.94,9.4,,,,,,
,,,0.1702,1.94,9.6,,,,,,
,,,0.1704,1.94,9.6,,,,,,
,,,0.1706,1.92,9.6,,,,,,
,,,0.1708,1.94,9.6,,,,,,
,,,0.171,1.92,9.6,,,,,,
,,,0.1712,1.94,9.4,,,,,,
,,,0.1714,1.94,9.6,,,,,,
,,,0.1716,1.94,9.6,,,,,,
,,,0.1718,1.94,9.6,,,,,,
,,,0.172,1.94,9.6,,,,,,
,,,0.1722,1.94,9.6,,,,,,
,,,0.1724,1.94,9.6,,,,,,
,,,0.1726,1.94,9.6,,,,,,
,,,0.1728,1.96,9.6,,,,,,
,,,0.173,1.92,9.4,,,,,,
,,,0.1732,1.94,9.6,,,,,,
,,,0.1734,1.92,9.6,,,,,,
,,,0.1736,1.94,9.6,,,,,,
,,,0.1738,1.94,9.6,,,,,,
,,,0.174,1.94,9.6,,,,,,
,,,0.1742,1.92,9.6,,,,,,
,,,0.1744,1.94,9.6,,,,,,
,,,0.1746,1.94,9.6,,,,,,
,,,0.1748,1.94,9.6,,,,,,
,,,0.175,1.92,9.6,,,,,,
,,,0.1752,1.92,9.6,,,,,,
,,,0.1754,1.92,9.6,,,,,,
,,,0.1756,1.94,9.6,,,,,,
,,,0.1758,1.92,9.6,,,,,,
,,,0.176,1.92,9.6,,,,,,
,,,0.1762,1.94,9.6,,,,,,
,,,0.1764,1.94,9.6,,,,,,
,,,0.1766,1.94,9.6,,,,,,
,,,0.1768,1.92,9.6,,,,,,
,,,0.177,1.94,9.6,,,,,,
,,,0.1772,1.94,9.6,,,,,,
,,,0.1774,1.94,9.6,,,,,,
,,,0.1776,1.94,9.6,,,,,,
,,,0.1778,1.94,9.6,,,,,,
,,,0.178,1.94,9.6,,,,,,
,,,0.1782,1.94,9.8,,,,,,
,,,0.1784,1.94,9.6,,,,,,
,,,0.1786,1.94,9.6,,,,,,
,,,0.1788,1.94,9.8,,,,,,
,,,0.179,1.92,9.6,,,,,,
,,,0.1792,1.94,9.6,,,,,,
,,,0.1794,1.94,9.8,,,,,,
,,,0.1796,1.94,9.6,,,,,,
,,,0.1798,1.94,9.6,,,,,,
,,,0.18,1.94,9.6,,,,,,
,,,0.1802,1.94,9.8,,,,,,
,,,0.1804,1.94,9.6,,,,,,
,,,0.1806,1.92,9.8,,,,,,
,,,0.1808,1.94,9.8,,,,,,
,,,0.181,1.94,9.8,,,,,,
,,,0.1812,1.94,9.8,,,,,,
,,,0.1814,1.94,9.6,,,,,,
,,,0.1816,1.94,9.8,,,,,,
,,,0.1818,1.92,9.8,,,,,,
,,,0.182,1.92,9.8,,,,,,
,,,0.1822,1.94,9.8,,,,,,
,,,0.1824,1.92,9.8,,,,,,
,,,0.1826,1.94,9.8,,,,,,
,,,0.1828,1.92,9.8,,,,,,
,,,0.183,1.92,9.8,,,,,,
,,,0.1832,1.94,9.8,,,,,,
,,,0.1834,1.94,9.8,,,,,,
,,,0.1836,1.92,9.8,,,,,,
,,,0.1838,1.94,9.8,,,,,,
,,,0.184,1.92,9.8,,,,,,
,,,0.1842,1.94,9.8,,,,,,
,,,0.1844,1.92,9.8,,,,,,
,,,0.1846,1.94,9.8,,,,,,
,,,0.1848,1.94,9.8,,,,,,
,,,0.185,1.94,9.8,,,,,,
,,,0.1852,1.94,9.8,,,,,,
,,,0.1854,1.94,9.8,,,,,,
,,,0.1856,1.94,9.8,,,,,,
,,,0.1858,1.94,9.8,,,,,,
,,,0.186,1.94,9.8,,,,,,
,,,0.1862,1.94,9.8,,,,,,
,,,0.1864,1.94,9.8,,,,,,
,,,0.1866,1.94,9.8,,,,,,
,,,0.1868,1.92,10,,,,,,
,,,0.187,1.94,9.8,,,,,,
,,,0.1872,1.92,10,,,,,,
,,,0.1874,1.92,9.8,,,,,,
,,,0.1876,1.94,9.8,,,,,,
,,,0.1878,1.92,10,,,,,,
,,,0.188,1.94,9.8,,,,,,
,,,0.1882,1.94,9.8,,,,,,
,,,0.1884,1.94,10,,,,,,
,,,0.1886,1.94,10,,,,,,
,,,0.1888,1.9,10,,,,,,
,,,0.189,1.94,9.8,,,,,,
,,,0.1892,1.94,10,,,,,,
,,,0.1894,1.94,9.8,,,,,,
,,,0.1896,1.96,9.8,,,,,,
,,,0.1898,1.94,10,,,,,,
,,,0.19,1.94,9.8,,,,,,
,,,0.1902,1.94,10,,,,,,
,,,0.1904,1.94,10,,,,,,
,,,0.1906,1.94,10,,,,,,
,,,0.1908,1.96,10,,,,,,
,,,0.191,1.94,10,,,,,,
,,,0.1912,1.94,10,,,,,,
,,,0.1914,1.92,10,,,,,,
,,,0.1916,1.94,9.8,,,,,,
,,,0.1918,1.94,10,,,,,,
,,,0.192,1.94,10,,,,,,
,,,0.1922,1.94,10,,,,,,
,,,0.1924,1.92,10,,,,,,
,,,0.1926,1.94,10,,,,,,
,,,0.1928,1.94,10,,,,,,
,,,0.193,1.94,10,,,,,,
,,,0.1932,1.94,10,,,,,,
,,,0.1934,1.92,10,,,,,,
,,,0.1936,1.92,10,,,,,,
,,,0.1938,1.94,10,,,,,,
,,,0.194,1.94,10,,,,,,
,,,0.1942,1.94,10,,,,,,
,,,0.1944,1.94,10.2,,,,,,
,,,0.1946,1.94,10,,,,,,
,,,0.1948,1.94,10,,,,,,
,,,0.195,1.94,10,,,,,,
,,,0.1952,1.96,10,,,,,,
,,,0.1954,1.92,10,,,,,,
,,,0.1956,1.94,10.2,,,,,,
,,,0.1958,1.94,10,,,,,,
,,,0.196,1.94,10,,,,,,
,,,0.1962,1.94,10,,,,,,
,,,0.1964,1.94,10.2,,,,,,
,,,0.1966,1.94,10.2,,,,,,
,,,0.1968,1.94,10,,,,,,
,,,0.197,1.94,10.2,,,,,,
,,,0.1972,1.94,10.2,,,,,,
,,,0.1974,1.94,10.2,,,,,,
,,,0.1976,1.94,10.2,,,,,,
,,,0.1978,1.94,10.2,,,,,,
,,,0.198,1.92,10.2,,,,,,
,,,0.1982,1.94,10.2,,,,,,
,,,0.1984,1.92,10.2,,,,,,
,,,0.1986,1.94,10.2,,,,,,
,,,0.1988,1.94,10.2,,,,,,
,,,0.199,1.94,10,,,,,,
,,,0.1992,1.94,10.2,,,,,,
,,,0.1994,1.94,10.2,,,,,,
,,,0.1996,1.92,10.2,,,,,,
,,,0.1998,1.94,10.2,,,,,,
,,,0.2,1.94,10.2,,,,,,
,,,0.2002,1.94,10.2,,,,,,
,,,0.2004,1.94,10.2,,,,,,
,,,0.2006,1.94,10.2,,,,,,
,,,0.2008,1.92,10.2,,,,,,
,,,0.201,1.94,10.2,,,,,,
,,,0.2012,1.94,10.2,,,,,,
,,,0.2014,1.94,10.2,,,,,,
,,,0.2016,1.96,10.2,,,,,,
,,,0.2018,1.94,10.2,,,,,,
,,,0.202,1.92,10.2,,,,,,
,,,0.2022,1.92,10.2,,,,,,
,,,0.2024,1.94,10.2,,,,,,
,,,0.2026,1.94,10.2,,,,,,
,,,0.2028,1.94,10.2,,,,,,
,,,0.203,1.94,10.2,,,,,,
,,,0.2032,1.94,10.2,,,,,,
,,,0.2034,1.92,10.2,,,,,,
,,,0.2036,1.94,10.2,,,,,,
,,,0.2038,1.94,10.2,,,,,,
,,,0.204,1.94,10.4,,,,,,
,,,0.2042,1.94,10.2,,,,,,
,,,0.2044,1.94,10.2,,,,,,
,,,0.2046,1.92,10.4,,,,,,
,,,0.2048,1.94,10.2,,,,,,
,,,0.205,1.94,10.2,,,,,,
,,,0.2052,1.94,10.2,,,,,,
,,,0.2054,1.94,10.2,,,,,,
,,,0.2056,1.94,10.2,,,,,,
,,,0.2058,1.94,10.2,,,,,,
,,,0.206,1.94,10.4,,,,,,
,,,0.2062,1.96,10.2,,,,,,
,,,0.2064,1.94,10.4,,,,,,
,,,0.2066,1.94,10.2,,,,,,
,,,0.2068,1.94,10.2,,,,,,
,,,0.207,1.94,10.4,,,,,,
,,,0.2072,1.94,10.4,,,,,,
,,,0.2074,1.94,10.4,,,,,,
,,,0.2076,1.94,10.2,,,,,,
,,,0.2078,1.96,10.4,,,,,,
,,,0.208,1.94,10.4,,,,,,
,,,0.2082,1.96,10.2,,,,,,
,,,0.2084,1.96,10.4,,,,,,
,,,0.2086,1.94,10.4,,,,,,
,,,0.2088,1.94,10.2,,,,,,
,,,0.209,1.94,10.4,,,,,,
,,,0.2092,1.94,10.4,,,,,,
,,,0.2094,1.94,10.4,,,,,,
,,,0.2096,1.94,10.2,,,,,,
,,,0.2098,1.94,10.4,,,,,,
,,,0.21,1.94,10.4,,,,,,
,,,0.2102,1.92,10.4,,,,,,
,,,0.2104,1.94,10.4,,,,,,
,,,0.2106,1.94,10.4,,,,,,
,,,0.2108,1.92,10.4,,,,,,
,,,0.211,1.94,10.4,,,,,,
,,,0.2112,1.94,10.4,,,,,,
,,,0.2114,1.94,10.4,,,,,,
,,,0.2116,1.94,10.4,,,,,,
,,,0.2118,1.94,10.4,,,,,,
,,,0.212,1.94,10.4,,,,,,
,,,0.2122,1.92,10.4,,,,,,
,,,0.2124,1.94,10.6,,,,,,
,,,0.2126,1.94,10.4,,,,,,
,,,0.2128,1.92,10.6,,,,,,
,,,0.213,1.92,10.4,,,,,,
,,,0.2132,1.94,10.4,,,,,,
,,,0.2134,1.94,10.4,,,,,,
,,,0.2136,1.94,10.6,,,,,,
,,,0.2138,1.94,10.4,,,,,,
,,,0.214,1.92,10.6,,,,,,
,,,0.2142,1.94,10.6,,,,,,
,,,0.2144,1.94,10.6,,,,,,
,,,0.2146,1.94,10.6,,,,,,
,,,0.2148,1.92,10.4,,,,,,
,,,0.215,1.94,10.6,,,,,,
,,,0.2152,1.94,10.6,,,,,,
,,,0.2154,1.94,10.6,,,,,,
,,,0.2156,1.96,10.6,,,,,,
,,,0.2158,1.94,10.4,,,,,,
,,,0.216,1.96,10.6,,,,,,
,,,0.2162,1.94,10.4,,,,,,
,,,0.2164,1.94,10.4,,,,,,
,,,0.2166,1.94,10.4,,,,,,
,,,0.2168,1.94,10.6,,,,,,
,,,0.217,1.94,10.6,,,,,,
,,,0.2172,1.94,10.6,,,,,,
,,,0.2174,1.94,10.6,,,,,,
,,,0.2176,1.94,10.6,,,,,,
,,,0.2178,1.94,10.6,,,,,,
,,,0.218,1.94,10.6,,,,,,
,,,0.2182,1.94,10.6,,,,,,
,,,0.2184,1.94,10.6,,,,,,
,,,0.2186,1.94,10.6,,,,,,
,,,0.2188,1.94,10.6,,,,,,
,,,0.219,1.94,10.6,,,,,,
,,,0.2192,1.92,10.6,,,,,,
,,,0.2194,1.94,10.6,,,,,,
,,,0.2196,1.94,10.6,,,,,,
,,,0.2198,1.94,10.6,,,,,,
,,,0.22,1.94,10.6,,,,,,
,,,0.2202,1.94,10.6,,,,,,
,,,0.2204,1.94,10.8,,,,,,
,,,0.2206,1.94,10.6,,,,,,
,,,0.2208,1.94,10.8,,,,,,
,,,0.221,1.94,10.6,,,,,,
,,,0.2212,1.94,10.6,,,,,,
,,,0.2214,1.94,10.6,,,,,,
,,,0.2216,1.94,10.8,,,,,,
,,,0.2218,1.94,10.8,,,,,,
,,,0.222,1.94,10.6,,,,,,
,,,0.2222,1.94,10.6,,,,,,
,,,0.2224,1.94,10.8,,,,,,
,,,0.2226,1.94,10.8,,,,,,
,,,0.2228,1.94,10.6,,,,,,
,,,0.223,1.96,10.8,,,,,,
,,,0.2232,1.94,10.8,,,,,,
,,,0.2234,1.94,10.8,,,,,,
,,,0.2236,1.94,10.8,,,,,,
,,,0.2238,1.96,10.8,,,,,,
,,,0.224,1.94,10.8,,,,,,
,,,0.2242,1.94,10.8,,,,,,
,,,0.2244,1.94,10.8,,,,,,
,,,0.2246,1.94,10.8,,,,,,
,,,0.2248,1.96,10.8,,,,,,
,,,0.225,1.94,10.8,,,,,,
,,,0.2252,1.96,10.8,,,,,,
,,,0.2254,1.96,10.8,,,,,,
,,,0.2256,1.96,10.8,,,,,,
,,,0.2258,1.94,10.8,,,,,,
,,,0.226,1.96,10.8,,,,,,
,,,0.2262,1.94,10.8,,,,,,
,,,0.2264,1.94,10.8,,,,,,
,,,0.2266,1.96,10.8,,,,,,
,,,0.2268,1.94,10.8,,,,,,
,,,0.227,1.94,10.8,,,,,,
,,,0.2272,1.94,10.6,,,,,,
,,,0.2274,1.94,10.8,,,,,,
,,,0.2276,1.94,10.8,,,,,,
,,,0.2278,1.94,10.8,,,,,,
,,,0.228,1.96,10.8,,,,,,
,,,0.2282,1.94,10.8,,,,,,
,,,0.2284,1.96,10.8,,,,,,
,,,0.2286,1.94,10.8,,,,,,
,,,0.2288,1.92,10.8,,,,,,
,,,0.229,1.94,10.8,,,,,,
,,,0.2292,1.96,10.8,,,,,,
,,,0.2294,1.94,10.8,,,,,,
,,,0.2296,1.94,10.8,,,,,,
,,,0.2298,1.94,10.8,,,,,,
,,,0.23,1.94,10.8,,,,,,
,,,0.2302,1.94,10.8,,,,,,
,,,0.2304,1.94,10.8,,,,,,
,,,0.2306,1.94,11,,,,,,
,,,0.2308,1.96,10.8,,,,,,
,,,0.231,1.94,10.8,,,,,,
,,,0.2312,1.96,10.8,,,,,,
,,,0.2314,1.94,10.8,,,,,,
,,,0.2316,1.94,10.8,,,,,,
,,,0.2318,1.94,10.8,,,,,,
,,,0.232,1.96,10.8,,,,,,
,,,0.2322,1.96,10.8,,,,,,
,,,0.2324,1.94,11,,,,,,
,,,0.2326,1.94,11,,,,,,
,,,0.2328,1.96,11,,,,,,
,,,0.233,1.94,10.8,,,,,,
,,,0.2332,1.94,11,,,,,,
,,,0.2334,1.94,11,,,,,,
,,,0.2336,1.96,11,,,,,,
,,,0.2338,1.96,11,,,,,,
,,,0.234,1.94,11,,,,,,
,,,0.2342,1.96,11,,,,,,
,,,0.2344,1.94,11,,,,,,
,,,0.2346,1.96,11,,,,,,
,,,0.2348,1.94,11,,,,,,
,,,0.235,1.94,10.8,,,,,,
,,,0.2352,1.94,11,,,,,,
,,,0.2354,1.94,11.2,,,,,,
,,,0.2356,1.94,11,,,,,,
,,,0.2358,1.94,11,,,,,,
,,,0.236,1.96,11,,,,,,
,,,0.2362,1.94,11,,,,,,
,,,0.2364,1.94,11,,,,,,
,,,0.2366,1.94,11,,,,,,
,,,0.2368,1.96,11,,,,,,
,,,0.237,1.94,11,,,,,,
,,,0.2372,1.94,11,,,,,,
,,,0.2374,1.94,11,,,,,,
,,,0.2376,1.94,11,,,,,,
,,,0.2378,1.94,11,,,,,,
,,,0.238,1.96,11,,,,,,
,,,0.2382,1.94,11,,,,,,
,,,0.2384,1.96,11.2,,,,,,
,,,0.2386,1.96,11,,,,,,
,,,0.2388,1.94,11,,,,,,
,,,0.239,1.94,11.2,,,,,,
,,,0.2392,1.94,11.2,,,,,,
,,,0.2394,1.94,11,,,,,,
,,,0.2396,1.94,11.2,,,,,,
,,,0.2398,1.96,11,,,,,,
,,,0.24,1.94,11.2,,,,,,
,,,0.2402,1.94,11,,,,,,
,,,0.2404,1.94,11.2,,,,,,
,,,0.2406,1.94,11,,,,,,
,,,0.2408,1.96,11.2,,,,,,
,,,0.241,1.94,11.2,,,,,,
,,,0.2412,1.96,11.2,,,,,,
,,,0.2414,1.94,11,,,,,,
,,,0.2416,1.96,11.2,,,,,,
,,,0.2418,1.94,11.2,,,,,,
,,,0.242,1.94,11,,,,,,
,,,0.2422,1.94,11.2,,,,,,
,,,0.2424,1.96,11.2,,,,,,
,,,0.2426,1.96,11.2,,,,,,
,,,0.2428,1.94,11.2,,,,,,
,,,0.243,1.96,11.2,,,,,,
,,,0.2432,1.94,11.2,,,,,,
,,,0.2434,1.94,11.2,,,,,,
,,,0.2436,1.94,11.2,,,,,,
,,,0.2438,1.94,11.2,,,,,,
,,,0.244,1.96,11.2,,,,,,
,,,0.2442,1.94,11.2,,,,,,
,,,0.2444,1.96,11.2,,,,,,
,,,0.2446,1.94,11.2,,,,,,
,,,0.2448,1.94,11.2,,,,,,
,,,0.245,1.96,11.2,,,,,,
,,,0.2452,1.94,11.2,,,,,,
,,,0.2454,1.96,11.2,,,,,,
,,,0.2456,1.94,11.2,,,,,,
,,,0.2458,1.96,11.2,,,,,,
,,,0.246,1.96,11.2,,,,,,
,,,0.2462,1.96,11.2,,,,,,
,,,0.2464,1.94,11.2,,,,,,
,,,0.2466,1.94,11.2,,,,,,
,,,0.2468,1.94,11.2,,,,,,
,,,0.247,1.96,11.2,,,,,,
,,,0.2472,1.94,11.2,,,,,,
,,,0.2474,1.94,11.2,,,,,,
,,,0.2476,1.94,11.2,,,,,,
,,,0.2478,1.94,11.2,,,,,,
,,,0.248,1.94,11.2,,,,,,
,,,0.2482,1.94,11.2,,,,,,
,,,0.2484,1.94,11.2,,,,,,
,,,0.2486,1.94,11.2,,,,,,
,,,0.2488,1.94,11.2,,,,,,
,,,0.249,1.96,11.2,,,,,,
,,,0.2492,1.92,11.2,,,,,,
,,,0.2494,1.94,11.4,,,,,,
,,,0.2496,1.94,11.2,,,,,,
,,,0.2498,1.94,11.2,,,,,,
,,,0.25,1.96,11.2,,,,,,
,,,0.2502,1.94,11.2,,,,,,
,,,0.2504,1.96,11.4,,,,,,
,,,0.2506,1.96,11.2,,,,,,
,,,0.2508,1.92,11.4,,,,,,
,,,0.251,1.94,11.4,,,,,,
,,,0.2512,1.94,11.2,,,,,,
,,,0.2514,1.96,11.4,,,,,,
,,,0.2516,1.94,11.4,,,,,,
,,,0.2518,1.94,11.4,,,,,,
,,,0.252,1.96,11.4,,,,,,
,,,0.2522,1.94,11.4,,,,,,
,,,0.2524,1.94,11.4,,,,,,
,,,0.2526,1.96,11.4,,,,,,
,,,0.2528,1.96,11.4,,,,,,
,,,0.253,1.94,11.4,,,,,,
,,,0.2532,1.94,11.4,,,,,,
,,,0.2534,1.94,11.4,,,,,,
,,,0.2536,1.94,11.4,,,,,,
,,,0.2538,1.96,11.4,,,,,,
,,,0.254,1.94,11.4,,,,,,
,,,0.2542,1.94,11.4,,,,,,
,,,0.2544,1.94,11.4,,,,,,
,,,0.2546,1.94,11.4,,,,,,
,,,0.2548,1.96,11.4,,,,,,
,,,0.255,1.96,11.4,,,,,,
,,,0.2552,1.94,11.4,,,,,,
,,,0.2554,1.94,11.4,,,,,,
,,,0.2556,1.94,11.4,,,,,,
,,,0.2558,1.94,11.4,,,,,,
,,,0.256,1.96,11.4,,,,,,
,,,0.2562,1.96,11.4,,,,,,
,,,0.2564,1.96,11.4,,,,,,
,,,0.2566,1.94,11.4,,,,,,
,,,0.2568,1.94,11.4,,,,,,
,,,0.257,1.94,11.4,,,,,,
,,,0.2572,1.96,11.4,,,,,,
,,,0.2574,1.96,11.4,,,,,,
,,,0.2576,1.94,11.4,,,,,,
,,,0.2578,1.94,11.6,,,,,,
,,,0.258,1.94,11.6,,,,,,
,,,0.2582,1.94,11.6,,,,,,
,,,0.2584,1.96,11.6,,,,,,
,,,0.2586,1.96,11.4,,,,,,
,,,0.2588,1.94,11.6,,,,,,
,,,0.259,1.94,11.4,,,,,,
,,,0.2592,1.94,11.6,,,,,,
,,,0.2594,1.94,11.6,,,,,,
,,,0.2596,1.94,11.4,,,,,,
,,,0.2598,1.96,11.4,,,,,,
,,,0.26,1.96,11.6,,,,,,
,,,0.2602,1.94,11.6,,,,,,
,,,0.2604,1.94,11.4,,,,,,
,,,0.2606,1.94,11.2,,,,,,
,,,0.2608,1.94,11.4,,,,,,
,,,0.261,1.94,11.2,,,,,,
,,,0.2612,1.94,11.4,,,,,,
,,,0.2614,1.96,11.4,,,,,,
,,,0.2616,1.94,11.2,,,,,,
,,,0.2618,1.96,11.4,,,,,,
,,,0.262,1.96,11.2,,,,,,
,,,0.2622,1.94,11.4,,,,,,
,,,0.2624,1.94,11.2,,,,,,
,,,0.2626,1.96,11.2,,,,,,
,,,0.2628,1.94,11.2,,,,,,
,,,0.263,1.94,11.2,,,,,,
,,,0.2632,1.94,11.2,,,,,,
,,,0.2634,1.96,11.2,,,,,,
,,,0.2636,1.94,11.2,,,,,,
,,,0.2638,1.94,11.2,,,,,,
,,,0.264,1.96,11.2,,,,,,
,,,0.2642,1.94,11.2,,,,,,
,,,0.2644,1.94,11.2,,,,,,
,,,0.2646,1.96,11.2,,,,,,
,,,0.2648,1.96,11.2,,,,,,
,,,0.265,1.94,11.2,,,,,,
,,,0.2652,1.96,11.2,,,,,,
,,,0.2654,1.96,11.2,,,,,,
,,,0.2656,1.94,11.2,,,,,,
,,,0.2658,1.96,11.2,,,,,,
,,,0.266,1.94,11.2,,,,,,
,,,0.2662,1.94,11.2,,,,,,
,,,0.2664,1.94,11.2,,,,,,
,,,0.2666,1.94,11.2,,,,,,
,,,0.2668,1.96,11.2,,,,,,
,,,0.267,1.94,11.2,,,,,,
,,,0.2672,1.96,11.2,,,,,,
,,,0.2674,1.94,11.2,,,,,,
,,,0.2676,1.96,11.2,,,,,,
,,,0.2678,1.94,11.2,,,,,,
,,,0.268,1.96,11.2,,,,,,
,,,0.2682,1.94,11.2,,,,,,
,,,0.2684,1.96,11.2,,,,,,
,,,0.2686,1.96,11.2,,,,,,
,,,0.2688,1.94,11.2,,,,,,
,,,0.269,1.94,11.2,,,,,,
,,,0.2692,1.94,11.2,,,,,,
,,,0.2694,1.94,11,,,,,,
,,,0.2696,1.94,11.2,,,,,,
,,,0.2698,1.94,11.2,,,,,,
,,,0.27,1.94,11,,,,,,
,,,0.2702,1.94,11.2,,,,,,
,,,0.2704,1.94,11,,,,,,
,,,0.2706,1.96,11,,,,,,
,,,0.2708,1.96,11,,,,,,
,,,0.271,1.96,11,,,,,,
,,,0.2712,1.94,11,,,,,,
,,,0.2714,1.96,11,,,,,,
,,,0.2716,1.94,11,,,,,,
,,,0.2718,1.94,11.2,,,,,,
,,,0.272,1.94,11.2,,,,,,
,,,0.2722,1.94,11,,,,,,
,,,0.2724,1.96,11.2,,,,,,
,,,0.2726,1.94,11,,,,,,
,,,0.2728,1.96,11,,,,,,
,,,0.273,1.94,11.2,,,,,,
,,,0.2732,1.96,11,,,,,,
,,,0.2734,1.96,11,,,,,,
,,,0.2736,1.94,11,,,,,,
,,,0.2738,1.96,11,,,,,,
,,,0.274,1.94,11,,,,,,
,,,0.2742,1.94,11,,,,,,
,,,0.2744,1.96,11,,,,,,
,,,0.2746,1.96,11,,,,,,
,,,0.2748,1.94,10.8,,,,,,
,,,0.275,1.94,11,,,,,,
,,,0.2752,1.94,11,,,,,,
,,,0.2754,1.94,11,,,,,,
,,,0.2756,1.96,11,,,,,,
,,,0.2758,1.98,11,,,,,,
,,,0.276,1.96,11,,,,,,
,,,0.2762,1.94,11,,,,,,
,,,0.2764,1.94,11,,,,,,
,,,0.2766,1.92,10.8,,,,,,
,,,0.2768,1.94,11,,,,,,
,,,0.277,1.94,11,,,,,,
,,,0.2772,1.94,11,,,,,,
,,,0.2774,1.96,11,,,,,,
,,,0.2776,1.94,11,,,,,,
,,,0.2778,1.94,11,,,,,,
,,,0.278,1.94,11,,,,,,
,,,0.2782,1.94,10.8,,,,,,
,,,0.2784,1.94,10.8,,,,,,
,,,0.2786,1.94,11,,,,,,
,,,0.2788,1.94,10.8,,,,,,
,,,0.279,1.94,11,,,,,,
,,,0.2792,1.94,10.8,,,,,,
,,,0.2794,1.94,10.8,,,,,,
,,,0.2796,1.94,11,,,,,,
,,,0.2798,1.94,10.8,,,,,,
,,,0.28,1.94,11,,,,,,
,,,0.2802,1.94,10.8,,,,,,
,,,0.2804,1.94,10.8,,,,,,
,,,0.2806,1.96,10.8,,,,,,
,,,0.2808,1.94,10.8,,,,,,
,,,0.281,1.94,10.8,,,,,,
,,,0.2812,1.94,10.8,,,,,,
,,,0.2814,1.94,10.8,,,,,,
,,,0.2816,1.94,10.8,,,,,,
,,,0.2818,1.94,10.8,,,,,,
,,,0.282,1.94,10.8,,,,,,
,,,0.2822,1.96,10.8,,,,,,
,,,0.2824,1.96,10.8,,,,,,
,,,0.2826,1.94,10.8,,,,,,
,,,0.2828,1.94,10.8,,,,,,
,,,0.283,1.94,10.8,,,,,,
,,,0.2832,1.94,10.8,,,,,,
,,,0.2834,1.94,10.8,,,,,,
,,,0.2836,1.94,10.8,,,,,,
,,,0.2838,1.94,10.8,,,,,,
,,,0.284,1.94,10.8,,,,,,
,,,0.2842,1.94,10.8,,,,,,
,,,0.2844,1.94,10.8,,,,,,
,,,0.2846,1.94,10.8,,,,,,
,,,0.2848,1.94,10.6,,,,,,
,,,0.285,1.94,10.6,,,,,,
,,,0.2852,1.94,10.8,,,,,,
,,,0.2854,1.94,10.8,,,,,,
,,,0.2856,1.94,10.6,,,,,,
,,,0.2858,1.94,10.8,,,,,,
,,,0.286,1.94,10.6,,,,,,
,,,0.2862,1.94,10.8,,,,,,
,,,0.2864,1.94,10.8,,,,,,
,,,0.2866,1.94,10.6,,,,,,
,,,0.2868,1.94,10.8,,,,,,
,,,0.287,1.96,10.8,,,,,,
,,,0.2872,1.94,10.8,,,,,,
,,,0.2874,1.94,10.8,,,,,,
,,,0.2876,1.94,10.8,,,,,,
,,,0.2878,1.96,10.6,,,,,,
,,,0.288,1.94,10.6,,,,,,
,,,0.2882,1.94,10.8,,,,,,
,,,0.2884,1.92,10.6,,,,,,
,,,0.2886,1.94,10.8,,,,,,
,,,0.2888,1.94,10.8,,,,,,
,,,0.289,1.94,10.6,,,,,,
,,,0.2892,1.96,10.6,,,,,,
,,,0.2894,1.94,10.8,,,,,,
,,,0.2896,1.94,10.8,,,,,,
,,,0.2898,1.94,10.6,,,,,,
,,,0.29,1.94,10.6,,,,,,
,,,0.2902,1.96,10.6,,,,,,
,,,0.2904,1.94,10.6,,,,,,
,,,0.2906,1.94,10.6,,,,,,
,,,0.2908,1.96,10.6,,,,,,
,,,0.291,1.96,10.6,,,,,,
,,,0.2912,1.94,10.6,,,,,,
,,,0.2914,1.94,10.6,,,,,,
,,,0.2916,1.94,10.6,,,,,,
,,,0.2918,1.94,10.6,,,,,,
,,,0.292,1.94,10.6,,,,,,
,,,0.2922,1.94,10.6,,,,,,
,,,0.2924,1.96,10.6,,,,,,
,,,0.2926,1.92,10.6,,,,,,
,,,0.2928,1.94,10.6,,,,,,
,,,0.293,1.94,10.6,,,,,,
,,,0.2932,1.94,10.4,,,,,,
,,,0.2934,1.94,10.6,,,,,,
,,,0.2936,1.94,10.6,,,,,,
,,,0.2938,1.94,10.6,,,,,,
,,,0.294,1.94,10.6,,,,,,
,,,0.2942,1.94,10.6,,,,,,
,,,0.2944,1.94,10.6,,,,,,
,,,0.2946,1.94,10.4,,,,,,
,,,0.2948,1.94,10.4,,,,,,
,,,0.295,1.96,10.6,,,,,,
,,,0.2952,1.94,10.4,,,,,,
,,,0.2954,1.94,10.4,,,,,,
,,,0.2956,1.94,10.4,,,,,,
,,,0.2958,1.96,10.4,,,,,,
,,,0.296,1.94,10.6,,,,,,
,,,0.2962,1.94,10.4,,,,,,
,,,0.2964,1.94,10.6,,,,,,
,,,0.2966,1.96,10.4,,,,,,
,,,0.2968,1.94,10.4,,,,,,
,,,0.297,1.96,10.4,,,,,,
,,,0.2972,1.94,10.4,,,,,,
,,,0.2974,1.94,10.4,,,,,,
,,,0.2976,1.94,10.4,,,,,,
,,,0.2978,1.96,10.4,,,,,,
,,,0.298,1.94,10.4,,,,,,
,,,0.2982,1.94,10.4,,,,,,
,,,0.2984,1.94,10.4,,,,,,
,,,0.2986,1.96,10.4,,,,,,
,,,0.2988,1.94,10.4,,,,,,
,,,0.299,1.94,10.6,,,,,,
,,,0.2992,1.94,10.4,,,,,,
,,,0.2994,1.94,10.4,,,,,,
,,,0.2996,1.94,10.4,,,,,,
,,,0.2998,1.94,10.4,,,,,,
,,,0.3,1.94,10.4,,,,,,
,,,0.3002,1.94,10.4,,,,,,
,,,0.3004,1.94,10.4,,,,,,
,,,0.3006,1.94,10.4,,,,,,
,,,0.3008,1.94,10.4,,,,,,
,,,0.301,1.94,10.4,,,,,,
,,,0.3012,1.94,10.4,,,,,,
,,,0.3014,1.94,10.4,,,,,,
,,,0.3016,1.94,10.4,,,,,,
,,,0.3018,1.94,10.2,,,,,,
,,,0.302,1.94,10.4,,,,,,
,,,0.3022,1.94,10.2,,,,,,
,,,0.3024,1.92,10.4,,,,,,
,,,0.3026,1.94,10.2,,,,,,
,,,0.3028,1.92,10.4,,,,,,
,,,0.303,1.94,10.4,,,,,,
,,,0.3032,1.94,10.2,,,,,,
,,,0.3034,1.94,10.4,,,,,,
,,,0.3036,1.96,10.2,,,,,,
,,,0.3038,1.94,10.2,,,,,,
,,,0.304,1.94,10.2,,,,,,
,,,0.3042,1.94,10.2,,,,,,
,,,0.3044,1.94,10.2,,,,,,
,,,0.3046,1.94,10.2,,,,,,
,,,0.3048,1.94,10.2,,,,,,
,,,0.305,1.94,10.2,,,,,,
,,,0.3052,1.94,10.2,,,,,,
,,,0.3054,1.94,10.2,,,,,,
,,,0.3056,1.94,10.4,,,,,,
,,,0.3058,1.94,10.2,,,,,,
,,,0.306,1.96,10.2,,,,,,
,,,0.3062,1.92,10.2,,,,,,
,,,0.3064,1.92,10.2,,,,,,
,,,0.3066,1.94,10.2,,,,,,
,,,0.3068,1.94,10.2,,,,,,
,,,0.307,1.94,10.2,,,,,,
,,,0.3072,1.94,10.2,,,,,,
,,,0.3074,1.92,10.2,,,,,,
,,,0.3076,1.92,10.2,,,,,,
,,,0.3078,1.94,10.2,,,,,,
,,,0.308,1.94,10.2,,,,,,
,,,0.3082,1.94,10.2,,,,,,
,,,0.3084,1.92,10.2,,,,,,
,,,0.3086,1.94,10.2,,,,,,
,,,0.3088,1.96,10.2,,,,,,
,,,0.309,1.94,10.2,,,,,,
,,,0.3092,1.94,10.2,,,,,,
,,,0.3094,1.94,10.2,,,,,,
,,,0.3096,1.94,10.2,,,,,,
,,,0.3098,1.94,10.2,,,,,,
,,,0.31,1.94,10.2,,,,,,
,,,0.3102,1.94,10.2,,,,,,
,,,0.3104,1.96,10.2,,,,,,
,,,0.3106,1.94,10.2,,,,,,
,,,0.3108,1.94,10.2,,,,,,
,,,0.311,1.94,10.2,,,,,,
,,,0.3112,1.94,10.2,,,,,,
,,,0.3114,1.94,10.2,,,,,,
,,,0.3116,1.94,10.2,,,,,,
,,,0.3118,1.94,10.2,,,,,,
,,,0.312,1.94,10.2,,,,,,
,,,0.3122,1.94,10.2,,,,,,
,,,0.3124,1.94,10,,,,,,
,,,0.3126,1.92,10,,,,,,
,,,0.3128,1.94,10,,,,,,
,,,0.313,1.94,10.2,,,,,,
,,,0.3132,1.94,10.2,,,,,,
,,,0.3134,1.94,10,,,,,,
,,,0.3136,1.94,10,,,,,,
,,,0.3138,1.94,10.2,,,,,,
,,,0.314,1.94,10.2,,,,,,
,,,0.3142,1.94,10,,,,,,
,,,0.3144,1.94,10,,,,,,
,,,0.3146,1.94,10,,,,,,
,,,0.3148,1.94,10,,,,,,
,,,0.315,1.94,10,,,,,,
,,,0.3152,1.94,10,,,,,,
,,,0.3154,1.94,10,,,,,,
,,,0.3156,1.94,10,,,,,,
,,,0.3158,1.94,10,,,,,,
,,,0.316,1.94,10,,,,,,
,,,0.3162,1.94,10,,,,,,
,,,0.3164,1.94,10,,,,,,
,,,0.3166,1.94,10,,,,,,
,,,0.3168,1.92,10,,,,,,
,,,0.317,1.94,10,,,,,,
,,,0.3172,1.94,10,,,,,,
,,,0.3174,1.94,10,,,,,,
,,,0.3176,1.94,10,,,,,,
,,,0.3178,1.94,10,,,,,,
,,,0.318,1.94,10,,,,,,
,,,0.3182,1.94,10,,,,,,
,,,0.3184,1.94,10,,,,,,
,,,0.3186,1.94,10,,,,,,
,,,0.3188,1.94,10,,,,,,
,,,0.319,1.92,10,,,,,,
,,,0.3192,1.94,10,,,,,,
,,,0.3194,1.94,10,,,,,,
,,,0.3196,1.94,9.8,,,,,,
,,,0.3198,1.92,10,,,,,,
,,,0.32,1.92,10,,,,,,
,,,0.3202,1.94,10,,,,,,
,,,0.3204,1.94,10,,,,,,
,,,0.3206,1.94,10,,,,,,
,,,0.3208,1.94,10,,,,,,
,,,0.321,1.94,10,,,,,,
,,,0.3212,1.94,9.8,,,,,,
,,,0.3214,1.94,10,,,,,,
,,,0.3216,1.94,10,,,,,,
,,,0.3218,1.92,10,,,,,,
,,,0.322,1.94,10,,,,,,
,,,0.3222,1.92,10,,,,,,
,,,0.3224,1.94,9.8,,,,,,
,,,0.3226,1.92,10,,,,,,
,,,0.3228,1.94,10,,,,,,
,,,0.323,1.94,9.8,,,,,,
,,,0.3232,1.94,10,,,,,,
,,,0.3234,1.94,9.8,,,,,,
,,,0.3236,1.94,9.8,,,,,,
,,,0.3238,1.9,9.8,,,,,,
,,,0.324,1.94,9.8,,,,,,
,,,0.3242,1.94,9.8,,,,,,
,,,0.3244,1.94,9.8,,,,,,
,,,0.3246,1.94,9.8,,,,,,
,,,0.3248,1.94,9.8,,,,,,
,,,0.325,1.94,9.8,,,,,,
,,,0.3252,1.94,9.8,,,,,,
,,,0.3254,1.94,9.8,,,,,,
,,,0.3256,1.92,9.8,,,,,,
,,,0.3258,1.92,9.8,,,,,,
,,,0.326,1.94,10,,,,,,
,,,0.3262,1.92,9.8,,,,,,
,,,0.3264,1.94,9.8,,,,,,
,,,0.3266,1.94,9.8,,,,,,
,,,0.3268,1.94,9.8,,,,,,
,,,0.327,1.94,9.8,,,,,,
,,,0.3272,1.94,9.6,,,,,,
,,,0.3274,1.94,9.8,,,,,,
,,,0.3276,1.94,9.6,,,,,,
,,,0.3278,1.94,9.6,,,,,,
,,,0.328,1.92,9.8,,,,,,
,,,0.3282,1.92,9.8,,,,,,
,,,0.3284,1.94,9.8,,,,,,
,,,0.3286,1.94,9.6,,,,,,
,,,0.3288,1.94,9.8,,,,,,
,,,0.329,1.92,9.8,,,,,,
,,,0.3292,1.92,9.6,,,,,,
,,,0.3294,1.92,9.6,,,,,,
,,,0.3296,1.94,9.6,,,,,,
,,,0.3298,1.94,9.8,,,,,,
,,,0.33,1.94,9.6,,,,,,
,,,0.3302,1.94,9.8,,,,,,
,,,0.3304,1.92,9.6,,,,,,
,,,0.3306,1.94,9.8,,,,,,
,,,0.3308,1.94,9.6,,,,,,
,,,0.331,1.92,9.8,,,,,,
,,,0.3312,1.94,9.6,,,,,,
,,,0.3314,1.94,9.6,,,,,,
,,,0.3316,1.94,9.6,,,,,,
,,,0.3318,1.94,9.8,,,,,,
,,,0.332,1.94,9.6,,,,,,
,,,0.3322,1.94,9.6,,,,,,
,,,0.3324,1.94,9.6,,,,,,
,,,0.3326,1.94,9.6,,,,,,
,,,0.3328,1.94,9.6,,,,,,
,,,0.333,1.92,9.6,,,,,,
,,,0.3332,1.94,9.6,,,,,,
,,,0.3334,1.94,9.6,,,,,,
,,,0.3336,1.94,9.6,,,,,,
,,,0.3338,1.92,9.6,,,,,,
,,,0.334,1.94,9.6,,,,,,
,,,0.3342,1.92,9.6,,,,,,
,,,0.3344,1.94,9.6,,,,,,
,,,0.3346,1.92,9.6,,,,,,
,,,0.3348,1.92,9.6,,,,,,
,,,0.335,1.94,9.6,,,,,,
,,,0.3352,1.92,9.6,,,,,,
,,,0.3354,1.94,9.6,,,,,,
,,,0.3356,1.94,9.6,,,,,,
,,,0.3358,1.94,9.6,,,,,,
,,,0.336,1.92,9.6,,,,,,
,,,0.3362,1.94,9.6,,,,,,
,,,0.3364,1.94,9.6,,,,,,
,,,0.3366,1.94,9.6,,,,,,
,,,0.3368,1.94,9.6,,,,,,
,,,0.337,1.92,9.6,,,,,,
,,,0.3372,1.94,9.6,,,,,,
,,,0.3374,1.92,9.6,,,,,,
,,,0.3376,1.94,9.4,,,,,,
,,,0.3378,1.92,9.6,,,,,,
,,,0.338,1.94,9.6,,,,,,
,,,0.3382,1.94,9.4,,,,,,
,,,0.3384,1.94,9.6,,,,,,
,,,0.3386,1.94,9.6,,,,,,
,,,0.3388,1.92,9.6,,,,,,
,,,0.339,1.92,9.6,,,,,,
,,,0.3392,1.92,9.6,,,,,,
,,,0.3394,1.94,9.4,,,,,,
,,,0.3396,1.92,9.4,,,,,,
,,,0.3398,1.92,9.4,,,,,,
,,,0.34,1.92,9.4,,,,,,
,,,0.3402,1.92,9.4,,,,,,
,,,0.3404,1.94,9.4,,,,,,
,,,0.3406,1.92,9.4,,,,,,
,,,0.3408,1.92,9.4,,,,,,
,,,0.341,1.94,9.4,,,,,,
,,,0.3412,1.94,9.4,,,,,,
,,,0.3414,1.94,9.4,,,,,,
,,,0.3416,1.92,9.4,,,,,,
,,,0.3418,1.92,9.4,,,,,,
,,,0.342,1.94,9.4,,,,,,
,,,0.3422,1.94,9.4,,,,,,
,,,0.3424,1.92,9.6,,,,,,
,,,0.3426,1.94,9.4,,,,,,
,,,0.3428,1.92,9.4,,,,,,
,,,0.343,1.94,9.4,,,,,,
,,,0.3432,1.92,9.4,,,,,,
,,,0.3434,1.94,9.4,,,,,,
,,,0.3436,1.92,9.4,,1.728,,,,
,,,0.3438,1.94,9.4,,,,,,
,,,0.344,1.92,9.4,,,,,,
,,,0.3442,1.94,9.4,,,,,,
,,,0.3444,1.92,9.4,,,,,,
,,,0.3446,1.92,9.4,,,,,,
,,,0.3448,1.92,9.4,,,,,,
,,,0.345,1.94,9.4,,,,,,
,,,0.3452,1.92,9.4,,,,,,
,,,0.3454,1.92,9.4,,,,,,
,,,0.3456,1.92,9.4,,,,,,
,,,0.3458,1.94,9.2,,,,,,
,,,0.346,1.92,9.4,,,,,,
,,,0.3462,1.92,9.4,,,,,,
,,,0.3464,1.92,9.4,,,,,,
,,,0.3466,1.92,9.4,,,,,,
,,,0.3468,1.92,9.4,,,,,,
,,,0.347,1.94,9.4,,,,,,
,,,0.3472,1.94,9.4,,,,,,
,,,0.3474,1.92,9.2,,,,,,
,,,0.3476,1.94,9.2,,,,,,
,,,0.3478,1.92,9.2,,,,,,
